Name,Website,Cap,Race,Rates,Bot policy,Discord links,Sources,Last listed UTC,Favorite
"Hero Journey","https://hero-journey-sro.online/","CAP 110 / 80","CH + EU","x5","Bot policy unknown","https://discord.gg/pR8u6scEAw | https://discord.gg/sa7aUeZfmV","https://nostalgic.gg/en/silkroad-online/hero-journey | https://silkroadportal.com/konular/hero-journey-110-cap-new-system-new-events-new-fgw-new-open-market.106/ | https://sroway.com/threads/hero-journey-110-cap-new-system-new-events-new-fgw-new-open-market.1026/ | https://joymaxtr.com/konular/hero-journey-80-cap-progressive-world-dungeon-pve-pvp-play2win-16-05.2352/ | https://joymaxtr.com/konular/hero-journey-110-cap-new-system-new-events-new-fgw-new-open-market.2145/ | https://joymaxtr.com/konular/hero-journey-80-cap-progressive-world-dungeon-pve-pvp-play2win-16-05.2144/","2026-09-30T22:09:53.5810231+00:00","False"
"TownRoad","http://www.townsilkroad.com/","CAP 90","EU / CH + EU","x1 / 1x","Bot policy unknown","https://discord.gg/townroad","https://nostalgic.gg/en/silkroad-online/townroad | https://sro360.com/threads/townroad-90-cap-1x-eu-ch-isro-balance-oldschool-drop-system-beta-04-09-2026-g-o-11-09-2026-20-00-gmt-3-100-30k-silk.395/ | https://sro360.com/threads/townroad-90-cap-1x-eu-ch-isro-skill-balansi-eski-tarz-drop-sistem-beta-04-09-2026-g-o-11-09-2026-20-00-gmt-3-100-30k-silk.396/ | https://sroway.com/threads/townroad-90-cap-1x-eu-ch-isro-balance-oldschool-drop-system-beta-04-09-2026-g-o-11-09-2026-20-00-gmt-3-100-30k-silk.1312/","2026-09-30T22:09:14.7236790+00:00","False"
"RedSeA","https://redseasro.online/","CAP ?","Race unknown","Rates unknown","Bot policy unknown","https://discord.gg/K9d7RUsXya","https://nostalgic.gg/en/silkroad-online/redsea | https://sro360.com/threads/redsea.454/","2026-09-30T22:08:21.4539882+00:00","False"
"Rome Online","http://rome-online.net/","CAP 110","CH + EU","5X / 5x","Bot policy unknown","https://discord.gg/gmYM6jrdC","https://nostalgic.gg/en/silkroad-online/rome-online | https://www.arena-top100.com/rank/25/in/silkroad-private-servers/ | https://silkroadportal.com/konular/rome-online-110-cap-eu-ch-5x-exp-rate-uzun-soluklu-oynanis-beta-04-09-buyuk-acilis-11-09-2026.2814/ | https://sro360.com/threads/rome-online-110-cap-eu-ch-5x-exp-rate-uzun-soluklu-oynanis-beta-04-09-buyuk-acilis-11-09-2026.434/ | https://sro360.com/threads/rome-online-110-cap-eu-ch-5x-exp-rate-uzun-soluklu-oynanis-beta-04-09-buyuk-acilis-11-09-2026.399/ | https://joymaxtr.com/konular/rome-online-110-cap-eu-ch-5x-exp-rate-uzun-soluklu-oynanis-beta-04-09-bueyuek-acilis-11-09-2026.2458/ | https://silkroadlatam.com/Thread-110-Cap-Rome-Silkroad-110-Cap-Eu-Ch-Long-Term-5x-Rate-Beta-04-09-Grand-Open-11-09","2026-09-30T22:09:40.3325830+00:00","False"
"Hype-R Online","https://rise.silkroadonline.org/","CAP 125 / 130","CH + EU","Rates unknown","Bot policy unknown","https://discord.gg/hyperonline | https://discord.gg/hypersro","https://nostalgic.gg/en/silkroad-online/hype-r-online | https://www.arena-top100.com/rank/24/in/silkroad-private-servers/ | https://sro360.com/threads/hype-r-online-130-cap-eu-ch-isro-files-quality-g-o-11-09-2026.432/ | https://sroway.com/threads/hype-r-online-130-cap-eu-ch-isro-files-quality-g-o-11-09-2026.1308/ | https://joymaxtr.com/konular/hype-r-online-130-cap-eu-ch-isro-files-quality-g-o-11-09-2026.2455/ | https://joymaxtr.com/konular/hype-r-online-isro-r-files-125-cap-long-term-grand-open-22-08-2025.1961/","2026-09-30T22:09:27.0542451+00:00","False"
"Cerberus Online","http://play-cerberus.net/","CAP 100 / 110","CH","Rates unknown","Bot policy unknown","https://discord.gg/JSXD87nDDD","https://nostalgic.gg/en/silkroad-online/cerberus-online | https://www.arena-top100.com/rank/2/in/silkroad-private-servers/ | https://sro360.com/threads/cerberus-online-ch-only-cap100-longterm-new-features-equalized-beta-05-12.110/ | https://silkroadportal.com/konular/cerberus-online-sadece-cin-100-cap-uzun-soluklu-yeni-ozellikler-esit-etkinlikler-beta.127/ | https://sro360.com/threads/cerberus-online-sadece-cin-100-cap-uzun-soluklu-yeni-ozellikler-esit-etkinlikler-beta-05-12-450-000-tl-odul-havuzu.111/","2026-09-30T22:08:39.4085041+00:00","False"
"SUMMER ONLINE","https://summersilkroad.com/?utm_source=sro.gg&utm_medium=server-page","CAP 110","CH + EU","Rates unknown","Macro","https://discord.gg/d6zbab4Ud2","https://nostalgic.gg/en/silkroad-online/summer-online | https://sro360.com/threads/summer-online-110-cap-eu-ch-macro-dual-500-000tl-odul-acilis-18-eylul-2026.430/","2026-09-30T22:08:39.4094841+00:00","False"
"Jupiter Online","https://play-jupiter.online/","CAP 100","CH","Rates unknown","Macro","https://discord.gg/mrR8RmHx","https://nostalgic.gg/en/silkroad-online/jupiter-online | https://silkroadportal.com/konular/jupiter-online-100-cap-ch-macro-full-aktivite-5000-pool-prize-beta-08-05-g-o-15-05.1728/","2026-09-30T22:08:26.1291605+00:00","False"
"Mast Online Macro","https://mast-silkroad.com/?utm_source=sro.gg&utm_medium=server-page","CAP 80","CH","x15 / rate 15x","Macro","https://discord.gg/X576wuh6Zx","https://nostalgic.gg/en/silkroad-online/mast-online-macro | https://silkroadportal.com/konular/mast-sro-80-cap-chn-only-g-o-11-09-2026-macro-gold-economy-oldschool-system.2640/ | https://sro360.com/threads/mast-sro-11-09-2026-80-cap-chn-macro-gold-job-based-exp-rate-15x.385/","2026-09-30T22:09:04.8136500+00:00","False"
"xRoad","https://xroadreverse.de/","CAP ?","CH","Rates unknown","Bot policy unknown","https://discord.gg/vhT4FsnGTZ","https://nostalgic.gg/en/silkroad-online/xroad | https://srotr.com/konular/xroad-10-cap-ch-progressive-unlimited-alchemy-new-job-system-grand-opening-04-09-26.1978/ | https://joymaxtr.com/konular/xroad-10-cap-ch-progressive-unlimited-alchemy-new-job-system-grand-opening-04-09-26.2461/","2026-09-30T22:09:22.2929929+00:00","False"
"EuroRoad: Online","https://euroroad.online/","CAP 40","Race unknown","Rates unknown","Macro","https://discord.gg/mbEcakmrXN","https://nostalgic.gg/en/silkroad-online/euroroad-online | https://www.arena-top100.com/rank/32/in/silkroad-private-servers/ | https://sroway.com/threads/euroroad-online-euro-only-40-cap-progressive-macro-longterm-g-o-aug-21.1224/","2026-09-30T22:09:15.8154511+00:00","False"
"Zerion Online","https://www.zeriononline.com/?utm_source=sro.gg&utm_medium=server-page","CAP 110","Race unknown","Rates unknown","Bot policy unknown","https://discord.gg/zeriononline","https://nostalgic.gg/en/silkroad-online/zerion-online | https://sroway.com/threads/zerion-online-110-cap-egy-items-5000-prize-pool-weekly-tournament-28-08-2026.1237/ | https://joymaxtr.com/konular/zerion-online-110-cap-egy-items-5000-prize-pool-weekly-tournament-28-08-2026.2449/","2026-09-30T22:09:22.2933227+00:00","False"
"Old Silkroad","https://old-silkroad.com/?utm_source=sro.gg&utm_medium=server-page","CAP 80","CH","1x","Bot policy unknown","https://discord.gg/n6RGgG5h9N","https://nostalgic.gg/en/silkroad-online/old-silkroad | https://sro360.com/threads/old-silkroad-cap-80-ch-only-1x-rates-real-old-school-beta-21-08-go-04-09.379/ | https://sroway.com/threads/old-silkroad-cap-80-ch-only-1x-rates-real-old-school-beta-21-08-go-04-09.1293/","2026-09-30T22:09:14.7237161+00:00","False"
"ESRO Macro","https://www.play-esro.com/?utm_source=sro.gg&utm_medium=server-page","CAP 100","CH + EU","x7","Macro","https://discord.gg/jjCJkZecRw","https://nostalgic.gg/en/silkroad-online/esro-macro | https://sroway.com/threads/esro-macro-cap-100-eu-ch-long-term-new-features-25-000tl-beta-events-beta-28-08.1310/","2026-09-30T22:09:14.7240574+00:00","False"
"Imperia Silkroad","https://play-imperia.com/","CAP 140","CH + EU","Rates unknown","Bot policy unknown","https://discord.gg/ABwa6t6Pg5 | https://discord.gg/YMsdgaSpg | https://discord.gg/9fQV9FKyu7","https://nostalgic.gg/en/silkroad-online/imperia-silkroad | https://www.arena-top100.com/rank/33/in/silkroad-private-servers/ | https://silkroadlatam.com/Thread-140-Cap-Imperia-Online-CAP-140-Nueva-Ruta-Sistema-de-Drop-Sistema-de-Actividad-7-8","2026-09-30T22:09:40.8484153+00:00","False"
"Rageon Online","https://srocave.com/","CAP 110","CH + EU","Rates unknown","Bot policy unknown","https://discord.gg/tQFvEavau8","https://nostalgic.gg/en/silkroad-online/rageon-online | https://sro360.com/threads/rageon-online-110-cap-eu-ch-1-000-000-tl-odul-havuzu-yeni-ozellikler-beta-17-07-g-o-31-07.361/ | https://sroway.com/threads/rageon-online-cap110-eu-ch-20-000-prize-pool-exclusive-features-beta-17-07.1201/ | https://joymaxtr.com/konular/rageon-online-110-cap-eu-ch-1-000-000-tl-oeduel-havuzu-yeni-oezellikler-beta-17-07-g-o-24-07.735/","2026-09-30T22:09:22.2929144+00:00","False"
"Awara Online","https://play-awara.com/","CAP 130 / 110","CH + EU","Rates unknown","Macro","https://discord.gg/awaraonline","https://nostalgic.gg/en/silkroad-online/awara-online | https://www.arena-top100.com/rank/2/in/silkroad-private-servers/ | https://sroway.com/threads/awara-online-110-cap-eu-ch-macro-isro-r-open-market-31st-july-2026.1200/ | https://joymaxtr.com/konular/awara-online-110-cap-eu-ch-macro-open-market-31st-july-2026.2427/","2026-09-30T22:09:23.3932296+00:00","False"
"Quake - MACRO","https://play-quakemacro.online/","CAP 80","CH","x1 / 1X / 1x","Macro","https://discord.gg/Y7Udgbq2aV","https://nostalgic.gg/en/silkroad-online/quake-macro-80-cap-17-07-2026 | https://www.arena-top100.com/rank/33/in/silkroad-private-servers/ | https://silkroadportal.com/konular/quake-macro-80-cap-ch-1x-rate-300-000-tl-prize-pool-beta-10-07-buyuk-acilis-17-07-2026.2287/ | https://sro360.com/threads/quake-macro-80-cap-ch-1x-rate-300-000-tl-prize-pool-beta-10-07-buyuk-acilis-17-07-2026.359/ | https://sroway.com/threads/quake-macro-80-cap-ch-1x-rate-300-000-tl-prize-pool-beta-10-07-grand-open-17-07-2026.1196/ | https://joymaxtr.com/konular/quake-macro-80-cap-ch-1x-rate-300-000-tl-prize-pool-beta-10-07-bueyuek-acilis-17-07-2026.2418/","2026-09-30T22:09:23.3930273+00:00","False"
"Phoenix Online","https://play-phoenix.online/","CAP 100","CH + EU","x2.5","No bots","https://discord.gg/MVBJ3nVD5","https://nostalgic.gg/en/silkroad-online/phoenix-online | https://www.arena-top100.com/rank/27/in/silkroad-private-servers/ | https://sro360.com/threads/phoenix-online-botsuz-100-cap-ch-eu-uzun-soluklu-kademeli-buyuk-acilis-31-07-2026.364/ | https://joymaxtr.com/konular/phoenix-online-bot-yok-100-oyuncu-kapasitesi-ch-eu-uzun-vadeli-kademeli-ilerleme-acilis-31-07-2026.2431/","2026-09-30T22:09:23.3930617+00:00","False"
"Golden Silkroad Online","https://play-golden.online/","CAP 80 / 90","Race unknown","x1","Bot policy unknown","https://discord.gg/goldenonline | https://discord.gg/YJmHq65RmC","https://nostalgic.gg/en/silkroad-online/golden-silkroad-online | https://www.arena-top100.com/rank/34/in/silkroad-private-servers/ | https://joymaxsro.net/thread/4194/golden-online-l-90cap-uprage-l-hard-rate-l-onlych-l-macrobot","2026-09-30T22:09:45.0849946+00:00","False"
"YAMSRO-R","https://yamsro.com/","CAP 140","Race unknown","Rates unknown","Bot policy unknown","https://discord.gg/uHPr9mryaX","https://nostalgic.gg/en/silkroad-online/yamsro-r | https://www.arena-top100.com/rank/2/in/silkroad-private-servers/ | https://sro360.com/threads/yamsro-r-with-reborn-system-isro-r-game-cap-140-free-silk-yamgames-studio.129/ | https://silkroadportal.com/konular/yamsro-r-with-reborn-isro-r-progressive-free-silk-yamgames-studio.871/ | https://silkroadportal.com/konular/yamsro-r-with-reborn-system-isro-r-game-cap-140-free-silk-yamgames.873/","2026-09-30T22:09:07.1696248+00:00","False"
"7KINGDOM ONLINE","https://www.7kingdom.online/","CAP 110","CH + EU","Rates unknown","No bots","https://discord.gg/mBfuZmcXvT","https://nostalgic.gg/en/silkroad-online/7kingdom-online-1 | https://nostalgic.gg/en/silkroad-online/7kingdom-online | https://www.arena-top100.com/rank/27/in/silkroad-private-servers/ | https://sro360.com/threads/7kingdom-online-d11-cap-110-pve-24-7.314/ | https://silkroadportal.com/konular/7kingdom-cap-110-long-term-server.2309/","2026-09-30T22:09:03.5332290+00:00","False"
"Medusa-SroGlobal","https://www.medusa-sroglobal.online/","CAP 140 / 130","CH + EU","50x","Bot policy unknown","https://discord.gg/MSvGvYdEjv","https://nostalgic.gg/en/silkroad-online/medusa-sroglobal | https://www.arena-top100.com/rank/2/in/silkroad-private-servers/ | https://srotr.com/konular/medusa-sro-global-cap-130-d14-ch-520-eu-260-play2win-free-silk.1706/","2026-09-30T22:09:19.3570588+00:00","False"
"Nemesis Silkroad","https://nemesissilkroad.com/home","CAP 120","CH + EU","Rates unknown","Bot policy unknown","https://discord.gg/eUGJhZRHmX","https://nostalgic.gg/en/silkroad-online/nemesis-silkroad | https://www.arena-top100.com/rank/9/in/silkroad-private-servers/ | https://silkroadportal.com/konular/nemesis-silkroad-120-cap-eu-ch-open-market-beta-03-07-grand-10-07.2183/ | https://sro360.com/threads/nemesis-silkroad-120-cap-eu-ch-open-market-beta-03-07-grand-10-07.354/ | https://joymaxtr.com/konular/nemesis-silkroad-120-cap-eu-ch-open-market-beta-03-07-go-10-07.2414/","2026-09-30T22:09:22.2933509+00:00","False"
"CyronHub /CyronSRO(Gaia-R)","https://www.cyronhub.com/","CAP 120","CH + EU","x3","Macro","https://discord.gg/cyronsro | https://discord.gg/psaZvxJbnZ","https://nostalgic.gg/en/silkroad-online/cyronhub-cyronsrogaia-r | https://www.arena-top100.com/silkroad-private-servers/ | https://silkroadlatam.com/Thread-120-Cap-CyronSRO-CAP-120-Progresivo-ISRO-R-EU-CH-Vota-Por-Silk-Autocaravana","2026-09-30T22:09:34.8450413+00:00","False"
"Resital Silkroad","https://resitalsilkroad.com/","CAP 60","Race unknown","Rates unknown","Bot policy unknown","https://discord.gg/resitalsilkroad","https://nostalgic.gg/en/silkroad-online/resital-silkroad | https://silkroadportal.com/konular/resital-silkroad-kadim-bir-tarih-cap-60-open-market-old-school-long-term-progressive-g-o-12-06-2026.2054/ | https://sro360.com/threads/resital-silkroad-kadim-bir-tarih-cap-60-open-market-old-school-long-term-progressive-g-o-12-06-2026.333/ | https://silkroadportal.com/konular/resital-silkroad-60cap-g-o-12-june-2026-real-old-school-long-term-progressive.2077/ | https://joymaxtr.com/konular/resital-silkroad-kadim-bir-tarih-cap-60-open-market-old-school-long-term-progressive-g-o-12-06-2026.2390/","2026-09-30T22:09:23.3932671+00:00","False"
"vevex silkroad","https://vevex-silkroad.com/","CAP 100","CH","Rates unknown","Bot policy unknown","https://discord.gg/z3F8nJ2c","https://nostalgic.gg/en/silkroad-online/vevex-silkroad | https://www.arena-top100.com/rank/24/in/silkroad-private-servers/ | https://srotr.com/konular/vevex-silkroad-100cap-only-chinese-open-market-longterm-beta-phase-may-01-grand-opening-may-08.1783/","2026-09-30T22:08:40.7297953+00:00","False"
"Elite Silkroad","http://elite-silkroad.com/","CAP 100","CH","x1","Macro","https://discord.gg/7AanPhZRxR | https://discord.gg/5TGpnbyvBj","https://nostalgic.gg/en/silkroad-online/elite-silkroad | https://www.arena-top100.com/rank/4/in/silkroad-private-servers/ | https://joymaxtr.com/konular/elite-silkroad-100-cap-ch-macro-isro-dungeon-10-000-prize-pool.2320/","2026-09-30T22:09:25.9574265+00:00","False"
"OldSRO","https://oldsro.com/","CAP 80 / 70","CH + EU / CH","rates x1","Macro","https://discord.gg/Z3m4YcSZ99 | https://discord.gg/dN7eFvmEyN","https://nostalgic.gg/en/silkroad-online/oldsro | https://www.arena-top100.com/rank/3/in/silkroad-private-servers/ | https://joymaxtr.com/konular/oldsro-cap-80-ch-isro-r-oezellikleri-30-000-oeduel-havuzu-beta-21-08-2026.2452/ | https://silkroadlatam.com/Thread-80-Cap-OldSRO-CAP-80-Progresivo-hasta-105-Sin-bot-30-000-en-premios-Apertura-04-09","2026-09-30T22:09:38.4217236+00:00","False"
"ZSZC Online","https://play-zszc.com/","CAP 110","CH","x1","Bot policy unknown","https://discord.gg/zszcsilkroad","https://nostalgic.gg/en/silkroad-online/zszc-online | https://silkroadportal.com/konular/zszc-silkroad-105-cap-only-ch-1-300-000-tl-odul-havuzu-beta-15-09-2026-grand-18-09-2026-zszc-simdi-mobile-pc.1552/","2026-09-30T22:08:52.6788709+00:00","False"
"Marviex Online","https://marviexonline.com/","CAP 110 / 100","CH + EU","EXP x1","Bot policy unknown","https://discord.gg/dbJfWrm6mE","https://nostalgic.gg/en/silkroad-online/marviex-online | https://joymaxtr.com/konular/marviex-online-cap-100-eu-ch-5-000-prize-pool-g-o-10-01-2024-open-market.1758/","2026-09-30T22:09:48.8368010+00:00","False"
"Epyon Online","","CAP 110","CH + EU","Rates unknown","Bot policy unknown","https://discord.gg/QxeXu5jNWB","https://nostalgic.gg/en/silkroad-online/epyon-online | https://joymaxtr.com/konular/epyon-online-serbest-piyasa-cap-110-dengeli-yeni-oezellikler-oyna-ve-kazan-beta-15-05.2367/ | https://joymaxtr.com/konular/epyon-online-serbest-piyasa-cap-110-dengeli-yeni-oezellikler-oyna-ve-kazan-beta-15-05.2360/","2026-09-30T22:09:43.9770017+00:00","False"
"Crimson Road","https://play-crimson.com/","CAP 50 / 80 / 60","CH + EU / CH","1x","Macro","https://discord.gg/GXMBBvzyhN","https://nostalgic.gg/en/silkroad-online/crimson-road | https://www.arena-top100.com/rank/33/in/silkroad-private-servers/ | https://silkroadportal.com/konular/crimson-road-80-cap-chinese-1x-hard-rates-long-term-open-market-open-beta-1.96/ | https://sro360.com/threads/crimson-road-cap-60-eu-ch-1000-player-60-cap-upgrade-g-o-06-03-2026.103/ | https://srotr.com/konular/crimson-road-cap-50-eu-ch-macro-old-school-beta-10-02-2026-g-o-13-02-2026.1622/ | https://joymaxsro.net/thread/4167/crimson-road-cap-50-eu-ch-macro-old-school-beta-10-02-2026-g-o-13-02-2026","2026-09-30T22:09:26.9751230+00:00","False"
"Sintra Online","https://play-sintra.online/","CAP 110","CH + EU","x100","Bot policy unknown","https://discord.gg/cYqNTBX5WM","https://nostalgic.gg/en/silkroad-online/sintra-online | https://www.arena-top100.com/rank/11/in/silkroad-private-servers/ | https://sro360.com/threads/sintra-online-cap-110-ch-eu-pve-mid-rates-long-term-g-o-12-12.124/ | https://silkroadportal.com/konular/sintra-online-cap-110-ch-eu-pve-balanced-long-term-adventure.819/ | https://srotr.com/konular/sintra-online-cap-110-ch-eu-pve-mid-rates-long-term-g-o-12-12.1328/ | https://joymaxtr.com/konular/sintra-online-cap-110-ch-eu-pve-mid-rates-long-term-g-o-12-12.2159/","2026-09-30T22:09:45.1514341+00:00","False"
"Rexall Sro","https://rexall.online/","CAP 110 / 60","CH + EU / CH","2x / Exp 60x / Rate: 1.5x / 5x","Bot policy unknown","https://discord.gg/W92nnDUVcv","https://nostalgic.gg/en/silkroad-online/rexall-sro | https://www.arena-top100.com/silkroad-private-servers/ | https://www.arena-top100.com/rank/6/in/silkroad-private-servers/ | https://sro360.com/threads/rexall-online-seviye-110-uyanis-sistemi-eski-stil-cin-dengesi.107/ | https://sro360.com/threads/rexall-online-cap-60-only-ch-old-school-g-o-10-04-2026.238/","2026-09-30T22:08:50.3232284+00:00","False"
"Reflection Online","https://landing.play-reflection.com/","CAP 110","CH + EU","x2","Bot policy unknown","https://discord.gg/Gepe4PSPw7","https://nostalgic.gg/en/silkroad-online/reflection-online | https://silkroadportal.com/konular/reflection-online-open-market-cap110-balanced-new-features-play2win-beta-16-01-g-o-23-01.654/ | https://srotr.com/konular/reflection-online-open-market-cap110-balanced-new-features-play2win-beta-16-01-g-o-23-01.1596/","2026-09-30T22:08:41.9126051+00:00","False"
"Juvexit Road","https://juvexitroad.com/","CAP 110","Race unknown","Rates unknown","Bot policy unknown","https://discord.gg/FmTeudEHRz","https://nostalgic.gg/en/silkroad-online/juvexit-road | https://www.arena-top100.com/silkroad-private-servers/ | https://sro360.com/threads/juvexitroad-cap-110-long-term-no-pay-to-win.161/ | https://silkroadportal.com/konular/juvexitroad-cap-110-new-systems-grand-opening-28-02-2026.1018/ | https://srotr.com/konular/juvexitroad-cap-110-new-system-grand-opening-28-02-2026.1644/ | https://joymaxtr.com/konular/juvexitroad-cap-110-new-systems-grand-opening-28-02-2026.2255/","2026-09-30T22:09:45.1511758+00:00","False"
"Legends Online","https://playlegends.online/","CAP 110","CH + EU","2X / 3.5x / 3x","No bots","https://discord.gg/legendsonline1","https://nostalgic.gg/en/silkroad-online/play-legends | https://www.arena-top100.com/silkroad-private-servers/ | https://ipekyoluforum.com/konular/legends-online-no-bots-cap-110-progressive-ch-eu-ultimate-pve-pvp-play2win.177/ | https://sroway.com/threads/legends-online-no-bots-cap-110-progressive-ch-eu-ultimate-pve-pvp-play2win.251/","2026-09-30T22:09:25.5562332+00:00","False"
"New Era Online - New City Nanzhang","https://newera-online.net/","CAP 90","CH + EU","EXP x1","Bot policy unknown","https://discord.gg/neweraonline","https://www.arena-top100.com/rank/2/in/silkroad-private-servers/ | https://silkroadlatam.com/Thread-90-Cap-New-Era-Online-EU-CH-EXP-x1-Nueva-Ciudad-Nanzhang-apertura-16-Octubre-2026","2026-09-30T22:09:37.2815120+00:00","False"
"Rexall80.Online Eu&Ch New System","https://rexall80.online/","CAP 80","CH + EU","10x","Bot policy unknown","https://discord.gg/Y4d7XFXaE5","https://www.arena-top100.com/rank/2/in/silkroad-private-servers/ | https://silkroadportal.com/konular/rexall-online-cap-80-chin-euro-balanced-server-longterm-system-quest.2561/","2026-09-30T22:09:02.3233933+00:00","False"
"Arcadia Online","https://www.arcadiasro.com/","CAP 110","CH + EU","Rates unknown","Bot policy unknown","","https://www.arena-top100.com/rank/5/in/silkroad-private-servers/ | https://sro360.com/threads/arcadia-online-cap-110-open-market-old-school-2500-prizepool-beta-04-12.113/ | https://silkroadportal.com/konular/arcadia-online-110-cap-eu-ch-serbest-piyasa-old-school-100-000tl-odul-havuzu-beta-04-12.125/ | https://sro360.com/threads/arcadia-online-110-cap-eu-ch-serbest-piyasa-old-school-100-000tl-odul-havuzu-grand-11-12-2025.112/ | https://joymaxtr.com/konular/arcadia-online-110-cap-eu-ch-serbest-piyasa-old-school-100-000tl-oeduel-havuzu-beta-04-12-2025.1767/","2026-09-30T22:09:25.9579406+00:00","False"
"UNDERWORLD","https://udw-online.com/","CAP 140","CH + EU","Rates unknown","Bot policy unknown","https://discord.gg/BDm6B6faDr","https://www.arena-top100.com/rank/6/in/silkroad-private-servers/ | https://sro360.com/threads/underworld-cap-140-drop-upgrade-system-2500-weekly-ranking-go-26-12-2025-reply-to-thread.146/","2026-09-30T22:08:21.4523166+00:00","False"
"Source-Road","http://www.source-road.com/","CAP 110","CH + EU","100x","Bot policy unknown","","https://www.arena-top100.com/rank/6/in/silkroad-private-servers/ | https://sro-latino.com/threads/source-road-eu-ch-d11-cap-110-2-silk-hour-pclimit-auto-event.1834/","2026-09-30T22:09:48.3417539+00:00","False"
"𝐄𝐥𝐢𝐭𝐞 𝐒𝐢𝐥𝐤𝐫𝐨𝐚𝐝","https://elite-silkroad.com/?a=1","CAP 80 / 90","CH","Rates unknown","Bot policy unknown","https://discord.gg/E7BddeTXmZ","https://www.arena-top100.com/rank/7/in/silkroad-private-servers/ | https://sro360.com/threads/rexall-online-cap-80-chin-euro-balanced-server-longterm-system-quest.370/ | https://silkroadportal.com/konular/100-ch-oyna-kazan-uzun-soluklu-sehir-downhang-kale-hotan-opening-22-mayis.1482/ | https://silkroadportal.com/konular/yousro-100-ch-sezon-2-23-04-2026.1007/ | https://silkroadportal.com/konular/yousro-80-ch-season-2-1-000-player-10-active-guild-server-online-28-11.176/ | https://silkroadportal.com/konular/yousro-100-ch-coming-soon-80-ch-season-2-server-online-28-11.124/ | https://sro360.com/threads/100-ch-oyna-kazan-uzun-soluklu-sehir-downhang-kale-hotan-opening-22-mayis.283/ | https://srotr.com/konular/100-ch-oyna-kazan-uzun-soluklu-sehir-downhang-kale-hotan-opening-22-mayis.1759/ | https://srotr.com/konular/rexall-online-cap-80-chin-euro-balanced-server-longterm-system-quest.1948/ | https://joymaxtr.com/konular/100-ch-oyna-kazan-uzun-soluklu-sehir-downhang-kale-hotan-opening-22-mayis.2326/ | https://joymaxtr.com/konular/kutroad-110-cap-silk-system-coin-system-o-emek-server-pay-yok-o-uzun-sureli-o.1940/ | https://joymaxtr.com/konular/antika-core-station-tm-baslangic-07-06-2024-90-cap-ch-serbest-piyasa-job-temple-1h1silk-fgw.1389/ | https://joymaxsro.net/thread/3933/-8b7ef3 | https://joymaxtr.com/konular/greece-online-cap-100-ch-only-long-term-play2win-open-market-beta-11-07-2025.2009/ | https://joymaxtr.com/konular/1546/","2026-09-30T22:09:48.8371347+00:00","False"
"TrinityRoad","http://www.trinityroadonline.eu/index.php?page=vote","CAP 140","CH + EU","Rate: 150x / 150x","Bot policy unknown","https://discord.gg/8bjTR3JzFq","https://www.arena-top100.com/rank/9/in/silkroad-private-servers/ | https://sro-latino.com/threads/trinityroad-cap-140-d15-upgrade-sys-hellgate-new-flag-system-const-fw.3588/","2026-09-30T22:09:56.8258625+00:00","False"
"PSRO-KILLER","","CAP 40 / 110","CH","Rates unknown","Macro","https://discord.gg/Rg7vJYS5e6","https://www.arena-top100.com/rank/10/in/silkroad-private-servers/ | https://sroway.com/threads/psro-killer-cap-110-macro-fking-hard-no-bullshit-best-serwlar.1212/","2026-09-30T22:09:15.8153264+00:00","False"
"Veldora Online","https://play-veldora.com/","CAP 110","CH + EU","Exp 4x","Bot policy unknown","","https://www.arena-top100.com/rank/10/in/silkroad-private-servers/ | https://joymaxtr.com/konular/veldora-online-110-cap-eu-ch-balanced-skills-dungeon-quests-new-special-caravan-system-official-launch-05-12-2025-21-00-1750-prize-pool.2128/","2026-09-30T22:09:46.3655593+00:00","False"
"Elysium Online","http://play-elysium.online/","CAP 110 / 90","CH + EU","Rates unknown","Bot policy unknown","","https://www.arena-top100.com/rank/10/in/silkroad-private-servers/ | https://silkroadportal.com/konular/elysium-online-cap-90-eu-ch-progressive-2500-prize-beta-opening-3-7.2270/ | https://sro360.com/threads/elysium-online-cap-90-eu-ch-progressive-2500-prize-beta-opening-3-7.357/ | https://sroway.com/threads/elysium-online-cap-90-eu-ch-progressive-2500-prize-beta-opening-3-7.1195/ | https://joymaxtr.com/konular/elysium-online-cap-90-eu-ch-progressive-2500-prize-beta-opening-3-7.2417/","2026-09-30T22:09:23.3934349+00:00","False"
"LUNA ONLINE","https://lunasro.online/","CAP 110 / 140","CH + EU","Rate:10x","Bot policy unknown","https://discord.gg/RF4myGKz3G","https://www.arena-top100.com/rank/11/in/silkroad-private-servers/ | https://joymaxtr.com/konular/luna-online-cap-140-runes-system-long-term-mid-rates-g-o-25-of-october.1579/","2026-09-30T22:09:48.8370903+00:00","False"
"MYSRO","http://www.mysro.eu/","CAP 110 / 90","CH / CH + EU","Rates unknown","Macro","","https://www.arena-top100.com/rank/11/in/silkroad-private-servers/ | https://joymaxtr.com/konular/mysro-90-cap-only-ch-cap-uprage-macro-bot-auto-pluss-g-o-08-05-2026.2338/ | https://sro-latino.com/threads/mysro-cap-110-silk-h-china-europe-vote4silk-11-degree.2881/","2026-09-30T22:09:47.1629670+00:00","False"
"PrimeSRO","http://play-primesro.com/","CAP 60","CH","Rates unknown","Bot policy unknown","https://discord.gg/prime60cap","https://www.arena-top100.com/rank/16/in/silkroad-private-servers/ | https://joymaxtr.com/konular/primesro-an-ancient-history-cap-60-only-ch-open-market-old-school-play2win-beta-10-10-g-o-25-10.1559/","2026-09-30T22:09:48.8369250+00:00","False"
"EldenRoad Cap 130 D14 PvE Long Term","https://eldenroad.com/","CAP 130","CH + EU","Rates unknown","Bot policy unknown","https://discord.gg/arVnNqexwa","https://www.arena-top100.com/rank/18/in/silkroad-private-servers/ | https://sro360.com/threads/eldenroad-cap-130-degree-14-ch-eu-new-unique-new-buff-new-devil-40-pve-pvp-new-system.215/","2026-09-30T22:08:34.5767911+00:00","False"
"Estigia Silkroad","http://estigiasro.com/","CAP 90","CH + EU","EXP: 2x","Bot policy unknown","","https://www.arena-top100.com/rank/18/in/silkroad-private-servers/ | https://sro-latino.com/threads/new-estigiasro-cap-90-old-school-ch-eu-alta-calidad.3454/","2026-09-30T22:10:00.4337437+00:00","False"
"Sparta Online","http://sparta-sro.com/","CAP 120 / 100","CH","Rates unknown","Bot policy unknown","","https://www.arena-top100.com/rank/18/in/silkroad-private-servers/ | https://silkroadportal.com/konular/sparta-online-100-cap-only-ch-drop-system-new-dungeon-beta-19-01-2026-grand-23-01-2026.540/ | https://sro360.com/threads/sparta-online-100-cap-only-ch-drop-system-new-dungeon-beta-19-01-2026-grand-23-01-2026.158/","2026-09-30T22:08:41.7699167+00:00","False"
"🩸Candy PvP","http://candypvp.com.tr/","CAP 100","CH","Rates unknown","Bot policy unknown","https://discord.gg/3zCjf9Wnx3","https://www.arena-top100.com/rank/18/in/silkroad-private-servers/ | https://mt2.org/konu/candy-pvp.4015/","2026-10-01T08:55:47.0801334+00:00","False"
"SilkNation Nostalgia","https://r2silkroadr.online/","CAP 110","Race unknown","Rates unknown","Bot policy unknown","","https://www.arena-top100.com/rank/19/in/silkroad-private-servers/ | https://sro360.com/threads/silknation-nostalgia-isro-r-game-cap-110-free-silk-yamgames-studio.174/ | https://sroway.com/threads/silknation-nostalgia-isro-r-game-cap-110-free-silk-yamgames-studio.1074/ | https://joymaxtr.com/konular/silknation-nostalgia-isro-r-game-cap-110-free-silk-yamgames-studio.2220/","2026-09-30T22:09:45.1513078+00:00","False"
"Asura online","https://asura-online.ddns.net/","CAP 110","CH / CH + EU","Rates unknown","Bot policy unknown","https://discord.gg/invite | https://discord.gg/4GEtgtC48r","https://www.arena-top100.com/rank/19/in/silkroad-private-servers/ | https://www.arena-top100.com/rank/24/in/silkroad-private-servers/ | https://sroway.com/threads/abyss-online-110-cap-eu-ch-open-market-beta-18-09-grand-25-09.1330/","2026-09-30T22:09:21.8403213+00:00","False"
"ERASRO","http://www.erasilkroad.tk/","CAP 80","CH + EU","1x","Bot policy unknown","","https://www.arena-top100.com/rank/20/in/silkroad-private-servers/ | https://joymaxtr.com/konular/era-sro-80-cap-ch-eu-1x-g-o-4-4-we-will-stay-for-as-long-as-you-live.1886/","2026-09-30T22:09:47.5196169+00:00","False"
"Erios Online","https://erios-online.com/","CAP 110 / 105","CH + EU / CH","Rates unknown","Bot policy unknown","https://discord.gg/fnB8xh4uAt","https://www.arena-top100.com/rank/22/in/silkroad-private-servers/ | https://www.arena-top100.com/rank/24/in/silkroad-private-servers/ | https://sro360.com/threads/erios-online-cap-105-ch-marco-bot-open-market-beta-25-09-g-o-02-10.501/","2026-09-30T22:08:21.4538069+00:00","False"
"Bastiras Online","https://www.bastiras.online/","CAP 110","CH + EU","100x","Bot policy unknown","https://discord.gg/tMbpPPDzGQ","https://www.arena-top100.com/rank/22/in/silkroad-private-servers/ | https://sro-latino.com/threads/bastiras-cap110-eu-ch-play2win-balance-silk-hour-new-quests-honor-events-1300-online.3736/","2026-09-30T22:09:54.4601170+00:00","False"
"Cyron Sro","https://sro.cyronhub.com/","CAP 120","CH","Rates unknown","Bot policy unknown","","https://www.arena-top100.com/rank/27/in/silkroad-private-servers/ | https://silkroadportal.com/konular/cyronsro-isro-r-cap120-job-system-vote4silk-fortress-war-auto-caravan.1985/","2026-09-30T22:08:23.6740948+00:00","False"
"TSRO","https://www.tsro.org/","CAP 80","CH","Rates unknown","Macro","https://discord.gg/tsro","https://www.arena-top100.com/rank/27/in/silkroad-private-servers/ | https://silkroadportal.com/konular/tsro-80-cap-chinese-700-player-macro-bot-grand-opening-20-03-2026.1091/ | https://sro360.com/threads/tsro-80-cap-chinese-700-player-macro-bot-grand-opening-20-03-2026.216/ | https://srotr.com/konular/tsro-80-cap-chinese-700-player-macro-bot-grand-opening-20-03-2026.1661/ | https://joymaxtr.com/konular/tsro-80-cap-chinese-700-player-macro-bot-grand-opening-20-03-2026.2281/ | https://joymaxsro.net/thread/4207/tsro-80-cap-ch-nese-macro-bot-beta-17-03-2026-grand-open-ng-20-03-2026","2026-09-30T22:09:36.6484192+00:00","False"
"ExgateOnline","https://www.exgate.com.tr/","CAP 120 / 90","CH","Rate 5x","Bot policy unknown","https://discord.gg/pA8JHGJz9a | https://discord.gg/hXXwA7RbQb","https://www.arena-top100.com/rank/27/in/silkroad-private-servers/ | https://sro360.com/threads/exgate-online-120cap-pvp-server-silk-system-12dg-1-gold-13dg-upgrade-bedava-premium-gb-kapanma-riski-yok-grand-opening-16-01-2026.152/ | https://sro360.com/threads/exgate-online-90-cap-ch-only-uzun-soluklu-oto-ekipman-full-aktivite-sistem-rate-5x-beta-18-04-21-00-grand-01-05-21-00.254/ | https://srotr.com/konular/exgate-online-90-cap-ch-only-uzun-soluklu-oto-ekipman-full-aktivite-sistem-rate-5x-beta-18-04-21-00-grand-01-05-21-00.1727/","2026-09-30T22:08:47.8823340+00:00","False"
"Skyress Online","https://www.skyressonline.com/","CAP 120","Race unknown","Rates unknown","Bot policy unknown","","https://www.arena-top100.com/rank/27/in/silkroad-private-servers/ | https://joymaxtr.com/konular/skyress-online-120-cap-emek-server-drop-system-coin-system-dungeons-system-starter-pack-100tl-opening-friday-november-08.1599/","2026-09-30T22:09:48.8369738+00:00","False"
"Sro Times","https://100.srotimes.com/tr/","CAP 80","CH","Rates unknown","Macro","","https://www.arena-top100.com/rank/28/in/silkroad-private-servers/ | https://sro360.com/threads/srotimes-cap-80-progressive-open-market-macro-open-30-jan.182/ | https://silkroadportal.com/konular/srotimes-80-cap-progressive-serbest-piyasa-macro-acilis-30-ocak.875/ | https://srotr.com/konular/srotimes-80-cap-progressive-serbest-piyasa-macro-acilis-30-ocak.1617/","2026-09-30T22:08:41.7697982+00:00","False"
"Fun Online","http://www.funonline.com.tr/","CAP 80","CH","Rates unknown","Bot policy unknown","https://discord.gg/AcKfs9f8a9","https://www.arena-top100.com/rank/28/in/silkroad-private-servers/ | https://mt2.org/konu/fun-online-80-cap-ch-emek-server-silkroad-icin-para-odemeye-son-full-eglence-10-03-2023-19-00.3651/","2026-10-01T08:55:47.0810402+00:00","False"
"ExSRO","https://exsro.org/","CAP 120 / 100","CH","Rates unknown","Bot policy unknown","https://discord.gg/ExOnline","https://www.arena-top100.com/rank/29/in/silkroad-private-servers/ | https://srotr.com/konular/exsro-120-cap-always-the-best-pvp-server-28-03-2013-tarihinden-beri-acik-kapanma-derdi-yok-hersey-1-gold-pre-gb-ucretsiz-1500-player.33/ | https://srotr.com/konular/exsro-100-cap-only-ch-orta-emek-server-100-orijinal-ruh-since-2013-buyuk-acilis-20-02-2026.1620/ | https://joymaxtr.com/konular/exsro-120-cap-always-the-best-pvp-server-28-03-2013-tarihinden-beri-acik-servera-gec-baslama-kapanma-derdi-yok-46-800-tl-oeduel-havuzu.1764/","2026-09-30T22:09:24.6662064+00:00","False"
"Legend-Sro","http://legend-sro.tk/?news","CAP 130","CH + EU","Rates unknown","Bot policy unknown","","https://www.arena-top100.com/rank/32/in/silkroad-private-servers/ | https://www.vsro.org/konular/legend-sro-cap-130-eu-ch-pvp-d14-system-rank-fgw-event-max-donate-for-new-player.18640/","2026-09-30T22:08:21.3771036+00:00","False"
"Renyx Online","https://play-renyx.online/","CAP 110","CH + EU","Exp 4x","Bot policy unknown","","https://www.arena-top100.com/rank/33/in/silkroad-private-servers/ | https://joymaxtr.com/konular/renyx-online-serbest-piyasa-cap-110-dengeli-yeni-oezellikler-oyna-ve-kazan-grand-24-07.2425/","2026-09-30T22:09:22.2931908+00:00","False"
"UNLIMITED ONLY 100 CAP ONLY CH","https://official-unlimited.online/","CAP 100 / 110","CH / CH + EU","Rates unknown","Bot policy unknown","https://discord.gg/2AgXc3S5c3","https://www.arena-top100.com/rank/33/in/silkroad-private-servers/ | https://sro360.com/threads/unlimited-online-cap-110-ch-eu-old-school-open-market-1000-go-22-05-2026.294/ | https://sro360.com/threads/unlimited-online-cap-100-ch-only-play2win-old-school-open-market-1000-g-o-06-02-2026.187/","2026-09-30T22:08:38.2264175+00:00","False"
"Gaia Silkroad","https://gaiasilkroad.com/","CAP 110","CH + EU","Rates unknown","Bot policy unknown","","https://www.arena-top100.com/rank/33/in/silkroad-private-servers/ | https://silkroadportal.com/konular/gaia-silkroad-110-cap-eu-ch-5-x-exp-rate-beta-open-19-12-2025-grand-open-26-12-2025.434/ | https://sro360.com/threads/gaia-silkroad-110-cap-eu-ch-5-x-exp-rate-beta-open-19-12-2025-grand-open-26-12-2025.135/","2026-09-30T22:08:40.5841889+00:00","False"
"FLYSRO ONLİNE","https://www.flysro.online/","CAP 120","Race unknown","Rates unknown","Bot policy unknown","https://discord.gg/D3NSYs9JNK","https://www.arena-top100.com/rank/33/in/silkroad-private-servers/ | https://sro360.com/threads/flysro-2-sezon-1500-online-120-cap-emek-uzun-soluklu-12dg-moon-sun-g-o-08-05-2026.105/","2026-09-30T22:08:46.6472572+00:00","False"
"COPPER ONLINE SEASON II","https://copperonline80.com/","CAP 80","CH","1X","Bot policy unknown","","https://www.arena-top100.com/rank/33/in/silkroad-private-servers/ | https://joymaxtr.com/konular/copper-online-season-ii-80-cap-only-ch-1x-rate-old-school-beta-15-08-2025-bueyuek-acilis-22-08-2025-21-00-gmt-3.1651/","2026-09-30T22:09:27.0541838+00:00","False"
"C-Silkroad","https://c-silkroad.online/","CAP 110","CH + EU","Rates unknown","Bot policy unknown","","https://www.arena-top100.com/rank/33/in/silkroad-private-servers/ | https://joymaxtr.com/konular/c-silkroad-cap-110-ch-eu-old-school-long-term-go-20-6.1996/","2026-09-30T22:09:46.3658957+00:00","False"
"Eva Silkroad","https://www.evasilkroad.org/index.php","CAP 110","Race unknown","Rates unknown","Bot policy unknown","","https://www.arena-top100.com/rank/34/in/silkroad-private-servers/ | https://joymaxtr.com/konular/eva-silkroad-110-cap-work-drop-job-old-system-beta-19-07-2024-25-thousand-tl-prize.1454/","2026-09-30T22:09:48.8372521+00:00","False"
"Arthuronline","https://www.play-arthur.com/","CAP 110","CH + EU","Rates unknown","Bot policy unknown","https://discord.gg/xAFStrCuj7 | https://discord.gg/A9MPkunjp4","https://www.arena-top100.com/rank/34/in/silkroad-private-servers/ | https://ipekyoluforum.com/konular/arthur-online-cap-110-eu-ch-long-term-new-features-new-events-beta-02-10.204/ | https://sro360.com/threads/arthur-online-cap-110-eu-ch-long-term-new-features-new-events-beta-02-10.512/ | https://silkroadportal.com/konular/arthur-online-cap-110-eu-ch-long-term-new-features-new-events-beta-02-10.3007/ | https://sroway.com/threads/arthur-online-cap-110-eu-ch-long-term-new-features-new-events-beta-02-10.1344/ | https://www.vsro.org/konular/arthur-online-cap-110-eu-ch-long-term-new-features-new-events-beta-02-10.19264/","2026-09-30T22:09:14.7236065+00:00","False"
"Ace Online l Cap 110 l EU&CH l New Events l Hard Rates l Open Market l GO 24/11","https://playace.online/","CAP 110","CH + EU","Rates unknown","Bot policy unknown","","https://www.arena-top100.com/rank/34/in/silkroad-private-servers/ | https://joymaxtr.com/konular/ace-online-l-cap-110-l-eu-ch-l-new-events-l-hard-rates-l-open-market-l-go-24-11.1087/","2026-09-30T22:09:49.9851642+00:00","False"
"T-Online","http://www.playt-silkroad.com/","CAP 110","CH + EU","Rates unknown","Bot policy unknown","https://discord.gg/Qt4BEU9FKs","https://www.arena-top100.com/rank/35/in/silkroad-private-servers/ | https://joymaxtr.com/konular/t-online-110-cap-balanced-free-silk-jop-suit-auto-event-long-lasting-open-market-ftw-10-000-realtl-expected-day-g-open-28-april-2023-21-00.772/","2026-09-30T22:09:49.9852959+00:00","False"
"Precious Online V:Cap 100","http://www.play-precious.com/","CAP 100","CH","Rates unknown","Bot policy unknown","https://discord.gg/preciousonline100cap","https://www.arena-top100.com/rank/35/in/silkroad-private-servers/ | https://mt2.org/konu/precious-online-v-cap-100-cap-100-chinese-g-o-20-01-23.3630/","2026-10-01T08:55:47.0808813+00:00","False"
"Xian Silkroad","https://play-xian.com/","CAP 60 / 80","CH","rate 1x / 1X / 1x","Bot policy unknown","https://discord.gg/aA4tUmNB","https://www.arena-top100.com/rank/35/in/silkroad-private-servers/ | https://srotr.com/konular/xian-silkroad-season-iv-80-cap-only-ch-1x-rate-old-school-buyuk-acilis-14-03-2025-21-00.465/ | https://mt2.org/konu/xian-silkroad-80-cap-only-ch-long-term-open-market-old-system-1x-rate-500-online.3628/","2026-10-01T08:55:47.0805901+00:00","False"
"Survival Silkroad","http://survivalsro.com/","CAP 110","CH + EU","Rate: 35x","Bot policy unknown","https://discord.gg/GMjzuTRt2J","https://www.arena-top100.com/rank/36/in/silkroad-private-servers/ | https://sro-latino.com/threads/survival-silkroad-cap-110.3771/","2026-09-30T22:09:51.9927153+00:00","False"
"Fire Online","http://sro-fire.online/index","CAP 110 / 100","CH + EU / CH","X1","Bot policy unknown","https://discord.gg/yMEJPD4w","https://www.arena-top100.com/rank/36/in/silkroad-private-servers/ | https://joymaxtr.com/konular/fire-online-100-cap-only-ch-skytemple-beta-21-12-2024-grand-opening-31-12-2024.1731/","2026-09-30T22:09:48.8368900+00:00","False"
"Vaelorn Silkroad","http://www.vaelornonline.com/","CAP 40","CH","Rates unknown","Bot policy unknown","https://discord.gg/RdqNbUeQJ3","https://ipekyoluforum.com/konular/vaelorn-silkroad-40-cap-only-ch-500-000-tl-odul-havuzu-beta-06-10-2026-grand-09-10-2026-battle-royale-equalized-events.205/ | https://silkroadportal.com/konular/vaelorn-silkroad-40-cap-only-ch-500-000-tl-odul-havuzu-beta-06-10-2026-grand-09-10-2026-battle-royale-equalized-events.3027/ | https://joymaxtr.com/konular/vaelorn-silkroad-40-cap-only-ch-500-000-tl-oeduel-havuzu-beta-06-10-2026-grand-09-10-2026-battle-royale-equalized-events.2488/ | https://www.vsro.org/konular/vaelorn-silkroad-40-cap-only-ch-500-000-tl-odul-havuzu-beta-06-10-2026-grand-09-10-2026-battle-royale-equalized-events.19280/","2026-09-30T22:09:21.0074223+00:00","False"
"NeweR Aurevia","","CAP 80","CH + EU","Rates unknown","Bot policy unknown","","https://ipekyoluforum.com/konular/newer-aurevia-80-cap-eu-ch-isro-r-uyelik-sonrasi-esit-erisim-acilis-09-10-2026.202/ | https://sro360.com/threads/newer-aurevia-80-cap-eu-ch-isro-r-membership-equal-access-opening-9-oct-2026.500/","2026-09-30T22:08:24.8527415+00:00","False"
"[SRO] Rexall80.Online","","CAP 80","CH + EU","Rates unknown","Bot policy unknown","","https://ipekyoluforum.com/konular/sro-rexall80-online-cap-80-ch-eu-new-old-school-g-o-18-09-2026.193/ | https://silkroadportal.com/konular/sro-rexall80-online-cap-80-ch-eu-new-old-school-g-o-18-09-2026.2549/ | https://sro360.com/threads/sro-rexall80-online-cap-80-ch-eu-new-old-school-g-o-18-09-2026.366/ | https://joymaxtr.com/konular/sro-rexall80-online-cap-80-ch-eu-new-old-school-g-o-18-09-2026.2440/","2026-09-30T22:09:54.7539429+00:00","False"
"UNIQSRO.COM — SADECE UNIQUE AVCILARINA ÖZEL! 🔥","","CAP 120","Race unknown","Rates unknown","Bot policy unknown","","https://ipekyoluforum.com/konular/uniqsro-com-sadece-unique-avcilarina-ozel.195/ | https://silkroadportal.com/konular/ates-uniqsro-com-sadece-unique-avcilarina-ozel-ates.2639/","2026-09-30T22:08:27.2603368+00:00","False"
"Trend Of Silkroad l 120 Cap Full Pvp Server l En Gelişmiş Pvp Server l New JOB, DROP, Unique, Event","https://trendofsilkroad.com/","CAP 120","Race unknown","Rates unknown","Bot policy unknown","","https://ipekyoluforum.com/konular/trend-of-silkroad-l-120-cap-full-pvp-server-l-en-gelismis-pvp-server-l-new-job-drop-unique-event-ve-bol-aktiviteli-server-beta-aktif-g-o-9-eylul.196/ | https://sro360.com/threads/trend-of-silkroad-l-120-cap-full-pvp-server-l-en-gelismis-pvp-server-l-new-job-drop-unique-event-ve-bol-aktiviteli-server-beta-aktif-g-o-9-eylul.381/ | https://silkroadportal.com/konular/trend-of-silkroad-l-120-cap-full-pvp-server-l-en-gelismis-pvp-server-l-new-job-drop-unique-event-ve-bol-aktiviteli-server-beta-aktif-g-o-9-eylul.2718/","2026-09-30T22:08:56.2842532+00:00","False"
"RAGE SILKROAD","","CAP 80","CH","Rates unknown","Bot policy unknown","","https://ipekyoluforum.com/konular/rage-silkroad-80-cap-ch-only-uzun-soluklu-serbest-piyasa-350-000-tl-odul-havuzu-beta-01-5-2026.172/ | https://silkroadportal.com/konular/rage-silkroad-80-cap-ch-only-uzun-soluklu-serbest-piyasa-350-000-tl-odul-havuzu-beta-01-5-2026.1669/ | https://sro360.com/threads/rage-silkroad-80-cap-ch-only-uzun-soluklu-serbest-piyasa-350-000-tl-odul-havuzu-beta-01-5-2026.282/","2026-09-30T22:08:41.7787501+00:00","False"
"SRO Private Server Tanıtımları Bölümü Bilgilendirme","","CAP ?","Race unknown","Rates unknown","Bot policy unknown","","https://ipekyoluforum.com/konular/sro-private-server-tanitimlari-bolumu-bilgilendirme.72/","2026-09-30T22:08:30.8966273+00:00","False"
"SroAGE İP/PC 10/ 110 CAP MALAZGİRT SUNUCUSU 2 EKİM CUMA AKŞAMI AÇILIYOR.","https://sroage.com/","CAP 110","Race unknown","Rates unknown","Bot policy unknown","https://discord.gg/e4FkCWxbpx","https://ipekyoluforum.com/konular/sroage-ip-pc-10-110-cap-malazgirt-sunucusu-2-ekim-cuma-aksami-aciliyor.203/ | https://joymaxtr.com/konular/sroage-ip-pc-10-110-cap-malazgirt-sunucusu-2-ekim-cuma-aksami-aciliyor.2476/ | https://joymaxtr.com/konular/sroage-110-cap-malazgirt-ip-pc-10-open-market-grand-open-02-10-2026.2475/ | https://www.vsro.org/konular/sroage-ip-pc-10-110-cap-malazgirt-sunucusu-2-ekim-cuma-aksami-aciliyor.19246/","2026-09-30T22:09:52.3462747+00:00","False"
"NR1 Games","https://nr1games.net/index.php","CAP 120","Race unknown","Rates unknown","Bot policy unknown","https://discord.gg/SAkTwaPyCQ","https://ipekyoluforum.com/konular/nr1-games-flora-120-cap-all-bots-active-drop-box-system-13-degree-medium-rate-silk-system-grand-opening-28-08-2026.197/ | https://srotr.com/konular/nr1-games-flora-120-cap-all-bots-active-drop-box-system-13-degree-medium-rate-silk-system-grand-opening-28-08-2026.1981/ | https://silkroadportal.com/konular/nr1-games-flora-120-cap-all-bots-active-drop-box-system-13-degree-medium-rate-silk-system-grand-opening-28-08-2026.2725/ | https://joymaxtr.com/konular/nr1-games-flora-120-cap-all-bots-active-drop-box-system-13-degree-medium-rate-silk-system-grand-opening-28-08-2026.2465/","2026-09-30T22:09:39.1233604+00:00","False"
"Movoi Online 60 Cap","","CAP 60","EU","Rates unknown","Bot policy unknown","","https://ipekyoluforum.com/konular/movoi-online-60-cap-progressive-only-eu-open-market.180/","2026-09-30T22:08:34.5448098+00:00","False"
"Immortal SRO","https://immortal-sro.com/","CAP 110","CH + EU","Rates unknown","Bot policy unknown","https://discord.gg/gJXrXHb67g","https://sro360.com/threads/immortal-sro-cap-110-ch-eu-old-school-long-term-open-market-beta-5-aug2026.153/ | https://sro360.com/threads/immortal-sro-cap-110-ch-eu-old-school-long-term-open-market-beta-5-aug2026.154/ | https://joymaxtr.com/konular/immortal-sro-cap-110-ch-eu-old-school-long-term-open-market-beta-5-aug2026.2168/","2026-09-30T22:09:56.1562984+00:00","False"
"Global Silkroad","https://gsilkroad.com/","CAP 100 / 90","CH","Rates unknown","Macro","https://discord.gg/xxYcke45yT | https://discord.gg/92XHPt4Afp","https://sro360.com/threads/global-silkroad-ch-only-100-cap-guncellemesi-2-yildir-online-beta-26-06-go-03-07.130/ | https://sroway.com/threads/global-silkroad-macro-90-cap-upgrade-only-ch-ivsro-r-open-market-g-o-01-08.441/","2026-09-30T22:09:24.3335632+00:00","False"
"Sythar Online","http://sythar-online.com/","CAP 40","CH","Rates unknown","Macro","https://discord.gg/sytharonline","https://sro360.com/threads/sythar-online-isro-files-40-cap-chinese-progressive-macro-g-o-15-5.285/ | https://silkroadportal.com/konular/sythar-online-isro-files-40-cap-chinese-progressive-macro-g-o-15-5.1739/ | https://sro360.com/threads/sythar-online-isro-files-40-cap-chinese-progressive-macro-g-o-15-5.284/ | https://joymaxtr.com/konular/sythar-online-isro-files-40-cap-chinese-progressive-macro-g-o-15-5.2364/","2026-09-30T22:09:24.6663573+00:00","False"
"Minos Online Season 2","http://minosonline.com/","CAP 120","Race unknown","Rates unknown","Bot policy unknown","https://discord.gg/mKjaVqVuYx","https://sro360.com/threads/minos-online-season-2-120-cap-silk-job-hwt-fgw-system-sun-moon-system-ve-daha-fazlasi-grand-17-04-2026.267/ | https://srotr.com/konular/minos-online-season-2-120-cap-silk-job-hwt-fgw-system-sun-moon-system-ve-daha-fazlasi-grand-17-04-2026.1730/","2026-09-30T22:08:41.9134181+00:00","False"
"📣 SRO360 Free Banner and Sticky Thread","","CAP ?","Race unknown","Rates unknown","Bot policy unknown","https://discord.gg/PHfMfczNQt","https://sro360.com/threads/sro360-free-banner-and-sticky-thread-partnership-program.127/ | https://sro360.com/threads/sro360-ucretsiz-banner-ve-sabit-konu-destegi-partnerlik-programi.106/","2026-09-30T22:08:52.7086757+00:00","False"
"Paradise Online CAP 80 CH","https://sroparadise.com/","CAP 80","CH","Rates unknown","Macro","https://discord.gg/sroparadise","https://sro360.com/threads/paradise-online-cap-80-ch-macro-easy-rates-job-drop-system-beta-02-03-grand-06-03.209/","2026-09-30T22:08:35.7515919+00:00","False"
"Velora Online R - İSRO Files - 110 CAP - EU/CH BETA : 30.01.26 - G.O : 06.02.26","https://gifyu.com/image/bhtdO","CAP 110","CH + EU","Rates unknown","Bot policy unknown","https://discord.gg/primevelora","https://sro360.com/threads/velora-online-r-isro-files-110-cap-eu-ch-beta-30-01-26-g-o-06-02-26.162/ | https://srotr.com/konular/velora-online-r-isro-files-110-cap-eu-ch-beta-30-01-26-g-o-06-02-26.1631/","2026-09-30T22:08:45.5289967+00:00","False"
"QIAN ONLINE","","CAP 90","Race unknown","1X","Macro","","https://sro360.com/threads/qian-online-cap-90-macro-1x-open-market-long-term-grand-opening-27-02-2026.193/ | https://srotr.com/konular/qian-online-cap-90-macro-1x-open-market-long-term-grand-opening-27-02-2026.1634/","2026-09-30T22:08:45.5289649+00:00","False"
"ECHO ONLINE","https://echo-silkroad.online/","CAP 60","Race unknown","Rates unknown","Bot policy unknown","https://discord.gg/y2segJBuja","https://sro360.com/threads/echo-online-cap-60-play2win-old-school-upgrade-system-grand-23-01-2026.185/ | https://sro360.com/threads/echo-online-cap-60-play2win-old-school-upgrade-system-grand-23-01-2026.191/ | https://srotr.com/konular/echo-online-cap-60-play2win-old-school-upgrade-system-grand-23-01-2026.1590/","2026-09-30T22:09:03.6613969+00:00","False"
"Revolt Online","","CAP 120","CH + EU","Rates unknown","Bot policy unknown","","https://sro360.com/threads/revolt-online-isro-r-120-cap-ch-eu-23-01-2026-grand-opening.188/","2026-09-30T22:08:21.4516500+00:00","False"
"Ribo Online 80 Cap CH","","CAP 80","CH","1x","Bot policy unknown","","https://sro360.com/threads/ribo-online-80-cap-ch-1x-rate-old-school-beta-26-01-2026-grand-opening-30-01-2026.155/ | https://silkroadportal.com/konular/ribo-online-80-cap-ch-1x-rate-old-school-grand-opening-09-01-2026.183/","2026-09-30T22:08:40.5845419+00:00","False"
"WarpathSro","","CAP 90","CH + EU","Rates unknown","Bot policy unknown","","https://sro360.com/threads/warpathsro-hard-rates-cap-90-eu-ch-long-term-22-grand-open-beta-ftw-100.132/ | https://sro360.com/threads/warpathsro-zor-oranlar-seviye-siniri-90-eu-ch-uzun-vadeli-100-fortress-beta-buyuk-acilis-22-aralik.133/ | https://joymaxsro.net/thread/3951/warpathsro-zor-oranlar-seviye-siniri-90-eu-ch-uzun-vadeli-100-fortress-beta-buyuk-acilis-22-aralik | https://joymaxtr.com/konular/warpathsro-hard-rates-diameter-90-eu-ch-long-term-100-fortress-beta-grand-opening-22-dec.2171/","2026-09-30T22:09:45.1514985+00:00","False"
"Nolan Online","","CAP 100","CH + EU","Rates unknown","Bot policy unknown","","https://sro360.com/threads/nolan-online-cap100-eu-ch-mid-rates-open-market-new-events-g-o-23rd-of-jan.165/ | https://joymaxtr.com/konular/nolan-online-cap100-eu-ch-mid-rates-open-market-new-events-g-o-23rd-of-jan.2207/","2026-09-30T22:09:45.1515456+00:00","False"
"VIRA ONLINE","https://play-vira.com/","CAP 110","CH + EU","Rates unknown","Bot policy unknown","https://discord.gg/ERa65vGNkj","https://sro360.com/threads/vira-online-110-cap-eu-ch-open-market-basic-server-drop-system-7-24-activite-g-o-13-02-2026.143/ | https://sro360.com/threads/vira-online-110-cap-eu-ch-open-market-basic-server-drop-system-7-24-activite-g-o-13-02-2026.142/ | https://srotr.com/konular/vira-online-110-cap-eu-ch-open-market-basic-server-drop-system-7-24-activite-g-o-13-02-2026.1577/ | https://srotr.com/konular/vira-online-110-cap-eu-ch-open-market-basic-server-drop-system-7-24-activite-g-o-13-02-2026.1578/","2026-09-30T22:09:04.8431152+00:00","False"
"SAN Silkroad","","CAP 80","CH","Rates unknown","Bot policy unknown","","https://sro360.com/threads/san-silkroad-80-cap-only-ch-new-marriage-system-new-unlimitied-dungeon-drop-system-long-term-1500-prizepool-g-o16-01-2026.150/ | https://silkroadportal.com/konular/san-silkroad-80-cap-only-ch-yeni-evlilik-sistemi-new-unlimited-dungeon-drop-system-long-term-1500-odullu-ftw-g-o-16-01-2026.566/ | https://sro360.com/threads/san-silkroad-80-cap-only-ch-yeni-evlilik-sistemi-new-unlimited-dungeon-drop-system-long-term-1500-odullu-ftw-g-o-16-01-2026.148/","2026-09-30T22:08:40.5843756+00:00","False"
"SroWorld Alexandria","","CAP 110","CH + EU","Rates unknown","Bot policy unknown","","https://sro360.com/threads/sroworld-alexandria-eu-ch-110-cap-long-term-beta-26-12-1500-prize-poolyou-last-visited-11-04-2025-at-10-00.145/ | https://sro360.com/threads/sroworld-alexandria-europe-chinese-110-cap-uzun-soluklu-yeni-ozellikler-beta-26-12-1500-odul-havuzu.144/","2026-09-30T22:08:39.4075457+00:00","False"
"Old Silkroad - No Spoilers","","CAP ?","Race unknown","Rates unknown","Bot policy unknown","","https://sro360.com/threads/old-silkroad-no-spoilers-click-here-to-reveal-the-real-deal-g-o-02-01-2026.139/","2026-09-30T22:08:21.4525386+00:00","False"
"XYLAR Online","","CAP 130","CH + EU","Rates unknown","Bot policy unknown","","https://sro360.com/threads/xylar-online-cap-130-d14-ch-eu-play2win-open-market.136/","2026-09-30T22:08:21.4526329+00:00","False"
"Oasis Online 90 CAP","","CAP 90","Race unknown","Rates unknown","Bot policy unknown","","https://sro360.com/threads/oasis-online-90-cap-drop-system-upgrade-system-dungeon-system-new-job-openmarket-grand-19-12-2025-l-1000-odul-havuzu.134/","2026-09-30T22:08:21.4527588+00:00","False"
"Journey Silkroad","","CAP 80","CH","Rates unknown","Macro","","https://sro360.com/threads/journey-silkroad-80-cap-china-new-school-long-term-macro-server-g-o-26-12-2025.118/ | https://sro360.com/threads/journey-silkroad-80-cap-china-new-school-long-term-macro-server-g-o-26-12-2025.119/ | https://joymaxtr.com/konular/journey-silkroad-80-cap-china-new-school-long-term-macro-server-g-o-26-12-2025.2149/","2026-09-30T22:09:46.3652570+00:00","False"
"Infinity God Road Silkroad","","CAP 110","CH + EU","Rates unknown","Bot policy unknown","","https://sro360.com/threads/infinity-god-road-silkroad-cap-110-eu-ch-rebirth-system-grand-open-14-11-2025.115/ | https://silkroadportal.com/konular/infinity-god-road-silkroad-cap-110-eu-ch-rebirth-system-grand-open-14-11-2025.111/","2026-09-30T22:08:38.1738652+00:00","False"
"NewSRO - Oasis","https://newsro-oasis.com/","CAP 90","CH + EU","Rates unknown","Bot policy unknown","https://discord.gg/newsro","https://sro360.com/threads/newsro-oasis-90-cap-eu-ch-long-term-hard-rates-drop-system-g-o-23-october.521/ | https://sroway.com/threads/newsro-oasis-90-cap-eu-ch-long-term-hard-rates-drop-system-g-o-23-october.1347/ | https://silkroadlatam.com/Thread-90-Cap-NewSRO-Oasis-CAP-90-CH-EU-DG9-Rates-bajos-Revive-el-Silkroad-cl%C3%A1sico-23-10","2026-09-30T22:09:36.0187402+00:00","False"
"Eldorado","https://play-eldorado60.com/","CAP 60","CH","Rates unknown","Bot policy unknown","https://discord.gg/eldorado60","https://sro360.com/threads/eldorado-60-cap-chinese-oldschool-eski-silkroad-deneyimi-geri-donuyor.516/ | https://silkroadportal.com/konular/eldorado-60-cap-chinese-oldschool-eski-silkroad-deneyimi-geri-donuyor.3028/","2026-09-30T22:08:42.9732321+00:00","False"
"VEXORASRO l CAP 80 CH ONLY l PLAY2WIN","","CAP 80","CH","Rates unknown","Bot policy unknown","","https://sro360.com/threads/vexorasro-l-cap-80-ch-only-l-play2win-old-school-long-term-beta-20-09-g-o-23-09.498/ | https://sroway.com/threads/vexorasro-l-cap-80-ch-only-l-play2win-old-school-long-term-beta-20-09-g-o-23-09.1340/","2026-09-30T22:09:14.7234626+00:00","False"
"Exvo Silkroad Macro","","CAP 80","CH","Rates unknown","Macro","","https://sro360.com/threads/exvo-silkroad-macro-80-cap-only-ch-drop-system-trijob-long-term-beta-13-10-2026-grand-16-10-2026.502/ | https://joymaxtr.com/konular/exvo-silkroad-macro-80-cap-only-ch-drop-system-trijob-long-term-beta-13-10-2026-grand-16-10-2026.2478/ | https://joymaxtr.com/konular/exvo-silkroad-macro-80-cap-only-ch-drop-system-trijob-long-term-beta-13-10-2026-grand-16-10-2026.2479/ | https://www.vsro.org/konular/exvo-silkroad-macro-80-cap-only-ch-drop-system-trijob-long-term-beta-13-10-2026-grand-16-10-2026.19226/","2026-09-30T22:09:57.1911300+00:00","False"
"Xian - MACRO","https://play-xiansilkroad.online/","CAP 100","CH","1X","Macro","https://discord.gg/58q7x994jC","https://sro360.com/threads/xian-macro-1x-rate-100-cap-ch-upgrade-2-000-prize-pool-11-eylul-beta-18-eylul-buyuk-acilis.325/ | https://silkroadportal.com/konular/xian-macro-1x-rate-100-cap-ch-upgrade-2-000-prize-pool-11-eylul-beta-18-eylul-buyuk-acilis.1805/ | https://sro360.com/threads/xian-macro-18-eylul-buyuk-acilis-100-cap-ch-upgrade-para-iade-garantsi-1x-rate-2-000-prize-pool.473/ | https://sroway.com/threads/xian-macro-100-cap-ch-upgrade-2-000-prize-pool-beta-11-09-g-o-18-09-2026.1006/ | https://joymaxtr.com/konular/xian-macro-18-eyluel-bueyuek-acilis-100-cap-ch-upgrade-para-iade-garantsi-1x-rate-2-000-prize-pool.2131/","2026-09-30T22:09:33.6859407+00:00","False"
"Medusa Sro Global Cap140","","CAP 140","Race unknown","Rates unknown","Bot policy unknown","","https://sro360.com/threads/medusa-sro-global-cap140-d15.435/","2026-09-30T22:08:21.4542110+00:00","False"
"Arien Online","","CAP 80","Race unknown","Rates unknown","Bot policy unknown","","https://sro360.com/threads/arien-online-80-cap-drop-system-awaken-system-fire-temple-grand-opening-18-09-2026-beta-14-09-2026.394/ | https://sro360.com/threads/arien-online-80-cap-drop-system-awaken-system-fire-temple-grand-opening-18-09-2026-beta-14-09-2026.393/ | https://sroway.com/threads/arien-online-80-cap-drop-system-awaken-system-fire-temple-grand-opening-18-09-2026-beta-14-09-2026.1326/","2026-09-30T22:09:14.7239760+00:00","False"
"WeldoR ISRO-R","","CAP 100","CH + EU","Rates unknown","Bot policy unknown","","https://sro360.com/threads/weldor-isro-r-100-cap-eu-ch-cap-upgrade-beta-21-08-g-o-04-09.384/ | https://sro360.com/threads/weldor-isro-r-100-cap-eu-ch-cap-upgrade-beta-21-08-g-o-04-09.383/ | https://sroway.com/threads/weldor-isro-r-100-cap-eu-ch-2200-reward-cap-upgrade-beta-21-08-g-o-04-09.1311/","2026-09-30T22:09:14.7235695+00:00","False"
"40 Cap","","CAP 40","Race unknown","Rates unknown","Macro","","https://sro360.com/threads/40-cap-progressive-euro-only-macro-balanced-long-term-g-o-8-21.380/","2026-09-30T22:08:21.4547874+00:00","False"
"Flux-Road","https://fluxroad.online/","CAP 110","Race unknown","Rates unknown","Bot policy unknown","https://discord.gg/Hb5PaVW54Z","https://sro360.com/threads/flux-road-rebirth-system-cap-110-balanced-system-g-o-aug-14-2026.372/ | https://joymaxtr.com/konular/flux-road-rebirth-system-cap-110-balanced-system-g-o-aug-14-2026.2435/","2026-09-30T22:09:58.4511137+00:00","False"
"Resital Silkroad 60CAP","","CAP 60","Race unknown","Rates unknown","Bot policy unknown","","https://sro360.com/threads/resital-silkroad-60cap-g-o-12-june-2026-real-old-school-long-term-progressive.334/ | https://srotr.com/konular/resital-silkroad-60cap-g-o-12-june-2026-real-old-school-long-term-progressive.1896/ | https://joymaxtr.com/konular/resital-silkroad-60cap-g-o-12-june-2026-real-old-school-long-term-progressive.2398/","2026-09-30T22:09:43.9771506+00:00","False"
"CyronSRO - ISRO-R Files","","CAP 120","Race unknown","Rates unknown","Bot policy unknown","","https://sro360.com/threads/cyronsro-isro-r-files-cap-120-upgradable-vote-fortress-war-job-system.346/ | https://sro360.com/threads/cyronsro-isro-r-files-cap-120-upgradable-vote-fortress-war-job-system.347/","2026-09-30T22:08:41.7785305+00:00","False"
"7Kingdom Online PvE 110","","CAP ?","Race unknown","Rates unknown","Bot policy unknown","","https://sro360.com/threads/7kingdom-online-pve-110-long-term.312/ | https://sro360.com/threads/7kingdom-online-pve-110-long-term.288/ | https://silkroadportal.com/konular/7kingdom-online-pve-110-long-term.1957/ | https://silkroadportal.com/konular/7kingdom-online-pve-110-long-term.1950/ | https://silkroadportal.com/konular/7kingdom-online-pve-110-long-term.1947/","2026-09-30T22:08:26.1286847+00:00","False"
"UX Gaming","","CAP 80","CH","Rates unknown","Macro","","https://sro360.com/threads/ux-gaming-80-cap-only-ch-uzun-soluklu-macro-bot-oto-ekipman-full-aktivite-sistemi-hard-rate-g-o-3-nisan.223/ | https://srotr.com/konular/ux-gaming-80-cap-only-ch-uzun-soluklu-macro-bot-oto-ekipman-full-aktivite-sistemi-hard-rate-g-o-3-nisan.1671/ | https://joymaxtr.com/konular/ux-gaming-80-cap-only-ch-long-term-macro-bot-auto-equipment-full-activity.2306/ | https://mt2.org/konu/ux-gaming-80-cap-only-ch-long-term-macro-bot-auto-equipment-full-activity.6343/ | https://mt2.org/konu/ux-gaming-80-cap-only-ch-uzun-soluklu-macro-bot-oto-ekipman-full-aktivite-sistemi-hard-rate-g-o-3-nisan.6325/","2026-10-01T08:55:54.2731352+00:00","False"
"TREND OF SİLKROAD 120 Cap","","CAP 120","Race unknown","Rates unknown","Bot policy unknown","","https://sro360.com/threads/trend-of-silkroad-120-cap-pvp-drop-system-new-job-system-new-glow-update-system-grand-opening-18-03-2026.246/ | https://srotr.com/konular/trend-of-silkroad-120-cap-pvp-drop-system-new-job-system-new-glow-update-system-grand-opening-18-03-2026.1716/","2026-09-30T22:08:41.9123239+00:00","False"
"Silkroad80","","CAP ?","Race unknown","10x","Bot policy unknown","","https://sro360.com/threads/silkroad80-10x-exp-drop-sistemi-emek-server-saatlik-silk-22-mayis.291/ | https://sro360.com/threads/silkroad80-10x-exp-drop-sistemi-emek-server-saatlik-silk-22-mayis.310/","2026-09-30T22:08:41.7788715+00:00","False"
"Silkroad Central","","CAP 80","Race unknown","Rates unknown","Bot policy unknown","","https://sro360.com/threads/silkroad-central-80cap-old-school-equalized-events-play2win-beta-12-06-2026-grand-opening-19-06-2026.278/ | https://silkroadportal.com/konular/silkroad-central-80cap-old-school-equalized-events-play2win-beta-12-06-2026-grand-opening-19-06-2026.1659/ | https://sro360.com/threads/silkroad-central-80cap-old-school-equalized-events-play2win-beta-12-06-2026-grand-opening-19-06-2026.277/ | https://silkroadportal.com/konular/silkroad-central-80cap-old-school-equalized-events-play2win-beta-12-06-2026-grand-opening-19-06-2026.1660/ | https://srotr.com/konular/silkroad-central-80cap-old-school-equalized-events-play2win-beta-12-06-2026-grand-opening-19-06-2026.1793/ | https://joymaxtr.com/konular/silkroad-central-80cap-old-school-equalized-events-play2win-beta-12-06-2026-grand-opening-19-06-2026.2343/ | https://joymaxtr.com/konular/silkroad-central-80cap-old-school-equalized-events-play2win-beta-12-06-2026-grand-opening-19-06-2026.2345/","2026-09-30T22:09:45.1510882+00:00","False"
"League of Silkroad CAP 100 EU-CH","","CAP 100","CH + EU","Rates unknown","Macro","","https://sro360.com/threads/league-of-silkroad-cap-100-eu-ch-bot-macro-dual-system-dengeli-buildler-beta-10-05-2026-g-o-15-05-2026.275/ | https://joymaxtr.com/konular/league-of-silkroad-cap-100-eu-ch-bot-macro-dual-system-dengeli-buildler-beta-10-05-2026-g-o-15-05-2026.2344/","2026-09-30T22:09:24.6664414+00:00","False"
"Rovelya 80 Cap CH","","CAP 80","CH","Rates unknown","Bot policy unknown","","https://sro360.com/threads/rovelya-80-cap-ch-drop-system-old-school-full-activity-beta-25-may-grand-29-may.274/ | https://sro360.com/threads/rovelya-80-cap-ch-drop-system-old-school-full-activity-beta-25-mayis-grand-29-mayis.273/ | https://srotr.com/konular/rovelya-80-cap-ch-drop-system-old-school-full-activity-beta-25-mayis-grand-29-mayis.1773/","2026-09-30T22:08:43.0495089+00:00","False"
"Zoe Silkroad","","CAP 120","CH + EU","Rates unknown","Bot policy unknown","","https://sro360.com/threads/zoe-silkroad-120-cap-eu-ch-13dg-drop-system-full-activity-grand-beta-opening-18-05-2026-grand-opening-22-05-2026.271/ | https://srotr.com/konular/zoe-silkroad-120-cap-eu-ch-13dg-drop-system-full-activity-grand-beta-opening-18-05-2026-grand-opening-22-05-2026.1787/","2026-09-30T22:08:41.9128474+00:00","False"
"NxSRO EMEKÇİLERİN YOLU","","CAP 60","Race unknown","Rates unknown","Bot policy unknown","","https://sro360.com/threads/nxsro-emekcilerin-yolu-60-cap-cap-upgrade-sox-upgrade-hard-rate-emek-server-g-o-01-05-2026.270/ | https://srotr.com/konular/nxsro-emekcilerin-yolu-60-cap-cap-upgrade-sox-upgrade-hard-rate-emek-server-g-o-01-05-2026.1784/ | https://joymaxsro.net/thread/4220/nxsro-emek-ler-n-yolu-60-cap-cap-upgrade-sox-upgrade-hard-rate-emek-server-g-o-01-05-2026","2026-09-30T22:09:25.7729362+00:00","False"
"Dream Fire","","CAP 140","Race unknown","Rates unknown","Bot policy unknown","","https://sro360.com/threads/dream-fire-cap-140-new-features-eu_ch-open-market-opening-17-apr.266/ | https://silkroadportal.com/konular/dream-fire-cap-140-new-features-eu_ch-open-market-free2play.1494/ | https://joymaxtr.com/konular/dream-fire-cap-140-new-features-eu_ch-open-market-opening-17-apr.2330/ | https://joymaxtr.com/konular/dream-fire-cap-140-forgotten-long-term-drop-system-open-market-go-28-02.1853/","2026-09-30T22:09:47.5199988+00:00","False"
"Silkredy Online","","CAP ?","Race unknown","Rates unknown","Bot policy unknown","","https://sro360.com/threads/silkredy-online-pve-long-term-old-school-full-item-system-d11.259/","2026-09-30T22:08:22.4517542+00:00","False"
"NOVA Reborn","","CAP 110","Race unknown","Rates unknown","Bot policy unknown","","https://sro360.com/threads/nova-reborn-110-cap-hard-rates-long-term-open-market-go-10-apr-join-now.237/ | https://silkroadportal.com/konular/nova-reborn-110-cap-hard-rates-long-term-open-market-go-10-apr-join-now.1191/ | https://srotr.com/konular/nova-reborn-110-cap-hard-rates-long-term-open-market-go-10-apr-join-now.1707/ | https://joymaxtr.com/konular/nova-reborn-110-cap-hard-rates-long-term-open-market-go-10-apr-join-now.2304/","2026-09-30T22:09:43.9773664+00:00","False"
"SroRoad","","CAP 60","CH","Rates unknown","Macro","","https://sro360.com/threads/sroroad-cap-60-ch-hard-rates-macro-progressive-old-job-system-g-o-27-03-2026.226/ | https://srotr.com/konular/sro-road-cap-60-only-ch-hard-rates-macro-progressive-old-job-system-l-grand-27-03-2026.1673/","2026-09-30T22:08:44.3010800+00:00","False"
"Joynet Online 110 CAP l Rise Of Joynet / Joynet League / New Caravan I Pharaoh Hunt I BETA 13.04.202","","CAP 110","Race unknown","Rates unknown","Bot policy unknown","","https://sro360.com/threads/joynet-online-110-cap-l-rise-of-joynet-joynet-league-new-caravan-i-pharaoh-hunt-i-beta-13-04-2026-grand-17-04-2026-reward-center-joynet.222/","2026-09-30T22:08:22.4523590+00:00","False"
"Classic Times 80 Cap","","CAP 80","CH","1X","Bot policy unknown","","https://sro360.com/threads/classic-times-80-cap-only-chinese-1x-rate-equalized-server-dungeon-old-school-beta-6-mart-open-13-mart.214/ | https://silkroadportal.com/konular/classic-times-80-cap-only-chinese-1x-rate-equalized-server-dungeon-old-school-beta-6-mart-open-13-mart.1056/ | https://srotr.com/konular/classic-times-80-cap-only-chinese-1x-rate-equalized-server-dungeon-old-school-beta-6-mart-open-13-mart.1651/","2026-09-30T22:08:45.5285144+00:00","False"
"Area - Macro 40 CAP","","CAP 40","Race unknown","Rates unknown","Macro","","https://sro360.com/threads/area-macro-40-cap-progressive-2006-classic-macro-beta-20-february-open-27-february.204/ | https://silkroadportal.com/konular/area-macro-40-cap-progressive-2006-classic-macro-beta-20-subat-acilis-27-subat.1019/ | https://sro360.com/threads/area-macro-40-cap-progressive-2006-classic-macro-beta-20-subat-acilis-27-subat.207/ | https://srotr.com/konular/area-macro-40-cap-progressive-2006-classic-macro-beta-20-subat-acilis-27-subat.1643/","2026-09-30T22:08:45.5286006+00:00","False"
"JustGame 90 Cap l MacroBot l Live Support System l Only-CH l Coin System l OldSchool l","","CAP 90","CH","Rates unknown","Bot policy unknown","","https://sro360.com/threads/justgame-90-cap-l-macrobot-l-live-support-system-l-only-ch-l-coin-system-l-oldschool-l.194/","2026-09-30T22:08:23.6304231+00:00","False"
"MARS ONLINE","","CAP 80","CH","Rates unknown","Bot policy unknown","","https://sro360.com/threads/mars-online-cap-80-ch-original-system-old-school-old-2008-files-beta-16-01-2026-g-o-23-01-2026.189/","2026-09-30T22:08:23.6306389+00:00","False"
"⚔️ GeonRoad 110 Cap","","CAP 110","Race unknown","Rates unknown","Bot policy unknown","","https://sro360.com/threads/geonroad-110-cap-awaken-followers-drop-beta-23-01-2026-acilis-30-01-2026-ftw-1000.186/ | https://mt2.org/konu/geonroad-110-cap-emek-server-awaken-system-activity-honor-beta-23-01-2026-buyuk-acilis-30-01-2026.6131/","2026-10-01T08:55:56.6830202+00:00","False"
"OldEmpire","","CAP 80","Race unknown","1x","Bot policy unknown","","https://sro360.com/threads/oldempire-80-cap-2005-world-quest-system-1x-rate-beta-19-01-2025.179/ | https://srotr.com/konular/oldempire-80-cap-2005-world-quest-system-1x-rate-beta-19-01-2025.1614/","2026-09-30T22:08:46.7206183+00:00","False"
"Pyledes Online","https://play-pyledes.com/","CAP 130","CH + EU","Rates unknown","Bot policy unknown","https://discord.gg/we93Kdtwnu","https://sro360.com/threads/pyledes-online-cap-130-new-skill-old-school-drop-system-go-23-01-2026.178/ | https://joymaxtr.com/konular/pyledes-online-130-cap-emek-server-silk-system-drop-system-job-system-13-degree-new-skill-grand-open-18-09-2026.2474/","2026-09-30T22:09:36.7494220+00:00","False"
"Yodel Online /// 100 Cap /// EU - CH/// Free Silk","https://yodelsro.org/","CAP 100","CH + EU","Rates unknown","Bot policy unknown","https://discord.gg/sZJYT586qt","https://silkroadportal.com/konular/yodel-online-100-cap-eu-ch-free-silk.2117/ | https://srotr.com/konular/yodel-online-100-cap-eu-ch-free-silk.1669/ | https://joymaxtr.com/konular/yodel-online-100-cap-eu-ch-free-silk.2292/","2026-09-30T22:09:21.0075747+00:00","False"
"GODTRAİLER ONLİNE 120 Cap PVP 13dg 1 GOLD 14 DG Coin 15 FGW-DROP FULL PVP","https://play-godtrailer.online/","CAP 120","Race unknown","Rates unknown","Bot policy unknown","https://discord.gg/aWxqT4JY24","https://silkroadportal.com/konular/godtrailer-online-120-cap-pvp-13dg-1-gold-14-dg-coin-15-fgw-drop-full-pvp.2958/ | https://www.vsro.org/konular/godtrailer-online-120-cap-pvp-13dg-1-gold-14-dg-coin-15-fgw-drop-full-pvp.19230/","2026-09-30T22:08:50.2304697+00:00","False"
"NeweR Aurevia Online","https://play-aurevia.online/","CAP 80","CH + EU","Rates unknown","Bot policy unknown","https://discord.gg/rnewer","https://silkroadportal.com/konular/newer-aurevia-online-80-cap-eu-ch-isro-r-uyelik-sonrasi-esitlik-hunter-vs-thief-job-temple-9-ekim.2692/","2026-09-30T22:08:51.4472565+00:00","False"
"Efes Online","https://play-efes.online/","CAP 120 / 110","Race unknown","Rates unknown","Bot policy unknown","","https://silkroadportal.com/konular/efes-online-120-cap-1-gold-sistem-13-dg-model-glow-ve-daha-fazlasi-g-o-08-05-2026.1727/ | https://silkroadportal.com/konular/efes-online-110-cap-11-dg-uzun-soluklu-grand-open-18-eylul-2026-time-21-00.2872/ | https://sro360.com/threads/efes-online-110-cap-11-dg-uzun-soluklu-grand-open-18-eylul-2026-time-21-00.476/","2026-09-30T22:08:55.0688283+00:00","False"
"Abyss Online","","CAP 110","CH + EU","Rates unknown","Bot policy unknown","","https://silkroadportal.com/konular/abyss-online-110-cap-eu-ch-open-market-beta-18-09-grand-25-09.2847/ | https://joymaxtr.com/konular/abyss-online-110-cap-eu-ch-open-market-beta-18-09-grand-25-09.2469/ | https://www.vsro.org/konular/abyss-online-110-cap-eu-ch-open-market-beta-18-09-grand-25-09.19133/","2026-09-30T22:09:21.0079018+00:00","False"
"GODTRAİLER SRO 120 CAP AÇILIYOR 06.09.26 20 :00 OPEN","","CAP 120","Race unknown","Rates unknown","Bot policy unknown","","https://silkroadportal.com/konular/godtrailer-sro-120-cap-aciliyor-06-09-26-20-00-open.2855/","2026-09-30T22:08:22.5028900+00:00","False"
"[Sro] Rexall.online","https://l04ybl.short.gy/dgahjF","CAP 110","CH + EU / CH","45x","Bot policy unknown","","https://silkroadportal.com/konular/sro-rexall-online-seviye-110-uyanis-sistemi-eski-stil-cin-dengesi.733/ | https://srotr.com/konular/sro-rexall-online-seviye-110-uyanis-sistemi-eski-stil-cin-dengesi.471/ | https://joymaxtr.com/konular/sro-rexall-online-seviye-110-uyanis-sistemi-eski-stil-cin-dengesi.2135/ | https://joymaxtr.com/konular/sro-rexall-online-cap-110-awaken-system-old-school-ch-balance.1138/ | https://joymaxtr.com/konular/sro-rexall-online-cap-110-awaken-system-old-school-ch-balance.2101/","2026-09-30T22:10:03.5077894+00:00","False"
"GODTRAİLER SRO 120 CAP AÇILIYOR 06.09.26","","CAP 120","Race unknown","Rates unknown","Bot policy unknown","","https://silkroadportal.com/konular/godtrailer-sro-120-cap-aciliyor-06-09-26.2824/","2026-09-30T22:08:22.5031195+00:00","False"
"⚔️ KAYREN ONLINE⚔️ CAP 110 EU&CH","","CAP 110","CH + EU","Rates unknown","Macro","","https://silkroadportal.com/konular/capraz-kilic-kayren-onlinecapraz-kilic-cap-110-eu-ch-macro-bot-dual-system-pc-limit-2-beta-25-09-26-go-02-10-26-ates.2776/","2026-09-30T22:08:22.5032670+00:00","False"
"Xera - MACRO","https://www.play-xeramacro.online/","CAP 80","CH","Rates unknown","Macro","https://discord.gg/P3gPXUxC9T","https://silkroadportal.com/konular/xera-macro-80-cap-chinese-progressive-prize-pool-300-000-tl-beta-17-08-2026-buyuk-acilis-21-08-2026.2662/ | https://sro360.com/threads/xera-macro-80-cap-chinese-progressive-prize-pool-300-000-tl-beta-17-08-2026-buyuk-acilis-21-08-2026.378/ | https://sroway.com/threads/xera-macro-80-cap-chinese-progressive-prize-pool-300-000-tl-beta-17-08-2026-grand-opening-21-08-2026.1225/ | https://joymaxtr.com/konular/xera-macro-bueyuek-acilis-21-08-2026-3-000-online-80-cap-chinese-progressive-prize-pool-300-000-tl.2447/ | https://silkroadlatam.com/Thread-80-Cap-Xera-MACRO-80-Cap-Chinese-Prize-POOL-300-000-TL-Beta-17-08-2026-Open-21-08","2026-09-30T22:09:41.9995023+00:00","False"
"04.09.2026 / RawSro 120 cap Büyük açılış / Aweken- FGW- JOB CAVE Sistemi/ EU-CH JOB SİSTEMİ","","CAP 120","CH + EU","Rates unknown","Bot policy unknown","","https://silkroadportal.com/konular/04-09-2026-rawsro-120-cap-buyuk-acilis-aweken-fgw-job-cave-sistemi-eu-ch-job-sistemi.2638/","2026-09-30T22:08:23.6739444+00:00","False"
"Old MACRO","","CAP 80","CH","1x","Macro","","https://silkroadportal.com/konular/old-macro-80-cap-ch-1x-rate-only-macro-progressive-grand-opening-07-08-2026.2548/ | https://sro360.com/threads/old-macro-80-cap-ch-1x-rate-only-macro-progressive-grand-opening-07-08-2026.365/ | https://sroway.com/threads/old-macro-80-cap-ch-1x-rate-only-macro-progressive-grand-opening-07-08-2026.1215/ | https://joymaxtr.com/konular/old-macro-80-cap-ch-1x-rate-only-macro-progressive-grand-opening-07-08-2026.2438/","2026-09-30T22:09:22.2933794+00:00","False"
"VORTEX ONLİNE 120 CAP PVP SİLKROAD SERVER - 13DG 1 GOLD PLAY2WİN FREE PREMİUM","","CAP 120","Race unknown","Rates unknown","Bot policy unknown","","https://silkroadportal.com/konular/vortex-online-120-cap-pvp-silkroad-server-13dg-1-gold-play2win-free-premium.1599/","2026-09-30T22:08:23.6742491+00:00","False"
"YamSRO-R Reborn Sistemli","","CAP ?","Race unknown","Rates unknown","Bot policy unknown","","https://silkroadportal.com/konular/yamsro-r-reborn-sistemli-isro-r-oyunu-seviye-siniri-140-ucretsiz-silk-yamgames.2249/ | https://sro360.com/threads/yamsro-r-reborn-sistemli-isro-r-oyunu-seviye-siniri-140-ucretsiz-silk-yamgames.355/","2026-09-30T22:08:40.5867129+00:00","False"
"FORUMUN EN BÜYÜK AÇILIŞI YAPILDI! 100K SILK DAĞITTIK! DEVAM","","CAP 110","CH + EU","80X","Bot policy unknown","","https://silkroadportal.com/konular/forumun-en-buyuk-acilisi-yapildi-100k-silk-dagittik-devam-papel-is-gaming-110-cap-eu-ch-80x-rate-yeni-nesil-server-server-is-online.1889/ | https://sro360.com/threads/forumun-en-buyuk-acilisi-yapildi-100k-silk-dagittik-devam-papel-is-gaming-110-cap-eu-ch-80x-rate-yeni-nesil-server-server-is-online.295/ | https://sro360.com/threads/forumun-en-buyuk-acilisi-yapildi-100k-silk-dagittik-devam-papel-is-gaming-110-cap-eu-ch-80x-rate-yeni-nesil-server-server-is-online.296/ | https://mt2.org/konu/forumun-en-buyuk-acilisi-yapildi-100k-silk-dagittik-devam-papel-is-gaming-110-cap-eu-ch-80x-rate-yeni-nesil-server-server-is-online.6466/","2026-10-01T08:56:03.9345052+00:00","False"
"Surprise Silkroad 110 Cap CH & EU Balanced EGY A Drop System Full Activity Hard Drop Long Term Open","","CAP 110","CH + EU","Rates unknown","Bot policy unknown","","https://silkroadportal.com/konular/surprise-silkroad-110-cap-ch-eu-balanced-egy-a-drop-system-full-activity-hard-drop-long-term-open-beta-12-05-2026-grand-opening-15-05-2026-21-00.1723/ | https://sro360.com/threads/surprise-silkroad-110-cap-ch-eu-balanced-egy-a-drop-system-full-activity-hard-drop-long-term-open-beta-12-05-2026-grand-opening-15-05-2026-21-00.302/ | https://joymaxtr.com/konular/surprise-silkroad-110-cap-ch-eu-balanced-egy-a-drop-system-full-activity-hard-drop-long-term-open-beta-12-05-2026-grand-opening-15-05-2026-21-00.2354/","2026-09-30T22:09:24.6658933+00:00","False"
"2. SEZON BAŞLADI! 5000+","","CAP 120","Race unknown","Rates unknown","Bot policy unknown","","https://silkroadportal.com/konular/2-sezon-basladi-5000-regalsro-120-cap-drop-system-new-job-system-new-glow-update-system.2144/ | https://sro360.com/threads/2-sezon-basladi-5000-regalsro-120-cap-drop-system-new-job-system-new-glow-update-system.351/ | https://sro360.com/threads/2-sezon-basladi-5000-regalsro-120-cap-drop-system-new-job-system-new-glow-update-system-l-g-o-20-09-21-00.352/ | https://mt2.org/konu/2-sezon-basladi-5000-regalsro-120-cap-drop-system-new-job-system-new-glow-update-system.6526/","2026-10-01T08:55:48.2583511+00:00","False"
"Age of Yuin!","","CAP 80","CH","Rates unknown","Bot policy unknown","","https://silkroadportal.com/konular/age-of-yuin-80-cap-only-ch-pc-3-ip-3-10-000-prize-15-06-open-beta-19-06-grand-opening.2085/","2026-09-30T22:08:24.8809020+00:00","False"
"120 Cap NFT Gaming","","CAP 120","CH + EU","Rates unknown","Bot policy unknown","","https://silkroadportal.com/konular/120-cap-nft-gaming-120-cap-pvp-server-13dg-1-gold-full-pvp-eu-ch-job-system-free-silk-uzun-soluklu-1007-kayit-beta-suan-aktif-g-o.1991/ | https://sro360.com/threads/120-cap-nft-gaming-120-cap-pvp-server-13dg-1-gold-full-pvp-eu-ch-job-system-free-silk-uzun-soluklu-1007-kayit-beta-suan-aktif-g-o.326/ | https://mt2.org/konu/120-cap-nft-gaming-120-cap-pvp-server-13dg-1-gold-full-pvp-eu-ch-job-system-free-silk-uzun-soluklu-1007-kayit-beta-suan-aktif-g-o.6499/","2026-10-01T08:55:49.4449658+00:00","False"
"Pharos Online I 120 Cap I Europe & Chinese I Full Aktivite I Future of Pharos","","CAP 120","CH + EU","Rates unknown","Bot policy unknown","","https://silkroadportal.com/konular/pharos-online-i-120-cap-i-europe-chinese-i-full-aktivite-i-future-of-pharos-grand-opening-19-06-2026-21-00.1205/ | https://joymaxtr.com/konular/pharos-online-i-120-cap-i-europe-chinese-i-full-aktivite-i-future-of-pharos-500-online.2318/","2026-09-30T22:09:23.3927755+00:00","False"
"Arius-Reborn","","CAP 60","CH + EU","Rates unknown","Macro","","https://silkroadportal.com/konular/arius-reborn-cap-60-eu-ch-macro-bot-dual-system-pc-limit-3-5-000-prizepool-go-12-06-26.1992/ | https://sro360.com/threads/arius-reborn-cap-60-eu-ch-macro-bot-dual-system-pc-limit-3-5-000-prizepool-go-12-06-26.335/ | https://joymaxtr.com/konular/arius-reborn-cap-60-eu-ch-macro-bot-dual-system-pc-limit-3-5-000-prizepool-go-12-06-26.2399/","2026-09-30T22:09:24.6660878+00:00","False"
"Hercules 60 Cap Europe & Chinese - 1x Rate - Drop System - 06.06.2026","","CAP 60","CH + EU","1x","Bot policy unknown","","https://silkroadportal.com/konular/hercules-60-cap-europe-chinese-1x-rate-drop-system-06-06-2026.1986/ | https://joymaxtr.com/konular/hercules-60-cap-europe-chinese-1x-rate-drop-system-06-06-2026.2380/","2026-09-30T22:09:43.9772808+00:00","False"
"SKYREX SRO V2","","CAP 100","CH","Rates unknown","Macro","","https://silkroadportal.com/konular/skyrex-sro-v2-100-cap-only-ch-beta-29-mayis-g-o-5-haziran-1-yillik-proje-adil-oyun-macro-bot.1939/ | https://joymaxtr.com/konular/skyrex-sro-v2-100-cap-only-ch-beta-aktif-g-o-5-haziran-1-yillik-proje-adil-oyun-macro-bot.2381/","2026-09-30T22:09:24.6660176+00:00","False"
"YodelV2","","CAP ?","CH + EU","Rates unknown","Bot policy unknown","","https://silkroadportal.com/konular/yodelv2-110-eu-ch-free-silk.1427/ | https://sro360.com/threads/yodelv2-110-eu-ch-free-silk.297/ | https://joymaxsro.net/thread/4212/yodelv2-110-eu-ch-free-s-lk","2026-09-30T22:09:25.7732982+00:00","False"
"Azurex Onlıne","","CAP 110","CH + EU","Rates unknown","Bot policy unknown","","https://silkroadportal.com/konular/azurex-online-110-cap-eu-ch-coin-system-activity-based-play2win-beta-18-05-grand-22-05-2026.1884/","2026-09-30T22:08:26.1289092+00:00","False"
"KİNGSROAD 125 CAP PERGE SUNUCUSU 22 MAYIS CUMA AKŞAMI AÇILIYOR","","CAP 125","Race unknown","Rates unknown","Bot policy unknown","","https://silkroadportal.com/konular/kingsroad-125-cap-perge-sunucusu-22-mayis-cuma-aksami-aciliyor.1843/","2026-09-30T22:08:26.1290481+00:00","False"
"[SRO] 60ReXall.Online","","CAP 60","Race unknown","Rates unknown","Bot policy unknown","","https://silkroadportal.com/konular/sro-60rexall-online-cap-60-sadece-cince-eski-tarz-g-o-10-04-2026.1192/ | https://srotr.com/konular/sro-60rexall-online-cap-60-sadece-cince-eski-tarz-g-o-10-04-2026.1708/ | https://joymaxsro.net/thread/4214/sro-60rexall-online-cap-60-sadece-ince-eski-tarz-g-o-10-04-2026 | https://joymaxtr.com/konular/sro-60rexall-online-cap-60-sadece-cince-eski-tarz-g-o-10-04-2026.2305/","2026-09-30T22:09:45.1510490+00:00","False"
"Arox Online Silkroad l 40 Cap Only Ch l Old School l Job System l Gold System l Open Market l GrandO","","CAP 40","CH","Rates unknown","Bot policy unknown","","https://silkroadportal.com/konular/arox-online-silkroad-l-40-cap-only-ch-l-old-school-l-job-system-l-gold-system-l-open-market-l-grandopening-15-05-2026.1814/","2026-09-30T22:08:26.1292347+00:00","False"
"Over Silkroad 60 Cap Europe & Chinese","","CAP 60","CH + EU","1x","Bot policy unknown","","https://silkroadportal.com/konular/over-silkroad-60-cap-europe-chinese-1x-rate-drop-sistem-grand-08-05-2026.1726/ | https://sro360.com/threads/over-silkroad-60-cap-europe-chinese-1x-rate-drop-sistem-grand-08-05-2026.304/ | https://sro360.com/threads/over-silkroad-60-cap-europe-chinese-1x-rate-drop-sistem-grand-08-05-2026.290/","2026-09-30T22:08:43.0491360+00:00","False"
"Vaha Online 120CAP PVE","","CAP 120","Race unknown","Rates unknown","Bot policy unknown","","https://silkroadportal.com/konular/vaha-online-120cap-pve.1766/ | https://sro360.com/threads/vaha-online-120cap-pve.349/","2026-09-30T22:08:40.5870802+00:00","False"
"AethroS Online","","CAP 110","CH + EU","5x","Bot policy unknown","","https://silkroadportal.com/konular/aethros-online-110-cap-eu-ch-5x-exp-rate-odul-havuzu-100-000-tl-beta-15-05-2026-buyuk-acilis-22-05-2026.1751/ | https://sro360.com/threads/aethros-online-110-cap-eu-ch-5x-exp-rate-odul-havuzu-100-000-tl-buyuk-acilis-22-05-2026-3-500-online.301/ | https://sro360.com/threads/aethros-online-110-cap-eu-ch-5x-exp-rate-odul-havuzu-100-000-tl-beta-15-05-2026-buyuk-acilis-22-05-2026.292/","2026-09-30T22:08:43.0490949+00:00","False"
"SRO Tibet","","CAP 80","CH + EU","1x","Bot policy unknown","","https://silkroadportal.com/konular/sro-tibet-80-cap-eu-ch-old-school-trijob-1x-rates-long-term-g-o-09-05-2026.1217/ | https://sro360.com/threads/sro-tibet-80-cap-eu-ch-old-school-trijob-1x-rates-long-term-g-o-24-04-2026.234/ | https://srotr.com/konular/sro-tibet-80-cap-eu-ch-old-school-trijob-1x-rates-long-term-g-o-09-05-2026.1712/ | https://srotr.com/konular/sro-tibet-80-cap-eu-ch-old-school-trijob-1x-rates-long-term-grandopening-24-04-2026.1703/","2026-09-30T22:09:15.7295190+00:00","False"
"SroWave Online","https://joymaxhub.com/yonlendirme?to=aHR0cHM6Ly93d3cuZmFjZWJvb2suY29tL3Nyb3dhdmU=","CAP 80","CH","Rates unknown","Macro","","https://silkroadportal.com/konular/srowave-online-cap-80-only-ch-macro-system-beta-22-mayis-go-29-mayis.1749/ | https://silkroadportal.com/konular/srowave-online-cap-80-only-ch-macro-system-beta-22-may-go-29-may.1750/ | https://joymaxtr.com/konular/srowave-online-cap-80-only-ch-macro-system-beta-22-mayis-go-29-mayis.2349/","2026-09-30T22:09:24.6656574+00:00","False"
"Rise Of Velesia Sezon 2 Uniques Collection Book System I DPS Arena Seth I Velesia League I Oyun içi","","CAP ?","Race unknown","Rates unknown","Bot policy unknown","","https://silkroadportal.com/konular/rise-of-velesia-sezon-2-uniques-collection-book-system-i-dps-arena-seth-i-velesia-league-i-oyun-ici-sesli-konusma-i-beta-27-04-2026-grand-01-05-2026.1387/","2026-09-30T22:08:27.2812184+00:00","False"
"Awaken Online","","CAP 120","Race unknown","Rates unknown","Bot policy unknown","","https://silkroadportal.com/konular/awaken-online-120-cap-13dg-tl-coin-system-free-silk-drop-box-upgrade-beta-27-04-2026-15-000-tl-odul-grand-opening-1-mayis-2026.1579/ | https://sro360.com/threads/awaken-online-120-cap-13dg-tl-coin-system-free-silk-drop-box-upgrade-beta-27-04-2026-15-000-tl-odul-grand-opening-1-mayis-2026.276/","2026-09-30T22:08:43.0494617+00:00","False"
"RSilkroad : Sezon 2026","","CAP 110","Race unknown","Rates unknown","Bot policy unknown","","https://silkroadportal.com/konular/rsilkroad-sezon-2026-110-cap-i-ticaret-job-emek-i-doyasiya-rekabet-ve-eglence-i-acilis-03-04-2026-i-uzun-soluklu-i.1168/ | https://srotr.com/konular/rsilkroad-sezon-2026-110-cap-i-ticaret-job-emek-i-doyasiya-rekabet-ve-eglence-i-acilis-03-04-2026-i-uzun-soluklu-i.1684/ | https://joymaxtr.com/konular/rsilkroad-sezon-2026-110-cap-i-ticaret-job-emek-i-doyasiya-rekabet-ve-eglence-i-acilis-03-04-2026-i-uzun-soluklu-i.2284/","2026-09-30T22:09:25.9573705+00:00","False"
"JSRO ONLINE","","CAP 80","CH","Rates unknown","Bot policy unknown","","https://silkroadportal.com/konular/jsro-online-80-cap-only-ch-old-school-upgrade-system-11-aydir-aktif.653/ | https://sro360.com/threads/jsro-online-80-cap-upgrade-full-activity-upgrade-system-8-months-active.287/","2026-09-30T22:08:43.0492216+00:00","False"
"Rynox Online","","CAP 100","CH","Rates unknown","Bot policy unknown","","https://silkroadportal.com/konular/rynox-online-100-cap-ch-equalized-system-battle-pass-season-beta-17-nisan-buyuk-acilis-24-nisan.1390/ | https://sro360.com/threads/rynox-online-100-cap-ch-equalized-system-battle-pass-season-beta-17-nisan-buyuk-acilis-24-nisan.265/","2026-09-30T22:08:43.0497440+00:00","False"
"iSRO Online I 20 Cap Only Chinese I Old School I Solo Medusa - Roc I Update System I Beta : 12.05.20","","CAP 20","CH","Rates unknown","Bot policy unknown","","https://silkroadportal.com/konular/isro-online-i-20-cap-only-chinese-i-old-school-i-solo-medusa-roc-i-update-system-i-beta-12-05-2026-i-opening-15-05-2026.1667/ | https://sro360.com/threads/isro-online-i-20-cap-only-chinese-i-old-school-i-solo-medusa-roc-i-update-system-i-beta-12-05-2026-i-opening-15-05-2026.303/ | https://sro360.com/threads/isro-online-i-20-cap-only-chinese-i-old-school-i-solo-medusa-roc-i-update-system-i-beta-12-05-2026-i-opening-15-05-2026.289/","2026-09-30T22:08:43.0491792+00:00","False"
"Zenith Online","","CAP 110","Race unknown","1x","Bot policy unknown","","https://silkroadportal.com/konular/zenith-online-110-cap-1x-rates-orijinal-sistem-play2win-beta-07-04-2026-grand-opening-17-04-2026.1187/","2026-09-30T22:08:28.5000747+00:00","False"
"RETRO FIRE","","CAP 110","CH + EU","Rates unknown","Bot policy unknown","","https://silkroadportal.com/konular/retro-fire-110-cap-eu-ch-oyna-kazan-500-000-tl-odul-havuzu-17-nisan.1225/ | https://sro360.com/threads/retro-fire-110-cap-eu-ch-oyna-kazan-500-000-tl-odul-havuzu-17-nisan.264/ | https://srotr.com/konular/retro-fire-110-cap-eu-ch-oyna-kazan-500-000-tl-odul-havuzu-17-nisan.1731/","2026-09-30T22:08:43.0496663+00:00","False"
"SilkHeart Online","","CAP 120","CH + EU","Rates unknown","Bot policy unknown","","https://silkroadportal.com/konular/silkheart-online-120-cap-12d-eu-ch-oldschool-full-classic-game-play-24-04-2026-21-00-gercek-silkroad-deneyimi-basliyor.1206/ | https://sro360.com/threads/silkheart-online-120-cap-12d-eu-ch-oldschool-full-classic-game-play-24-04-2026-gercek-silkroad-deneyimi.255/ | https://joymaxtr.com/konular/silkheart-online-120-cap-12d-eu-ch-oldschool-full-classic-game-play-24-04-2026-21-00-gercek-silkroad-deneyimi-basliyor.2317/","2026-09-30T22:09:24.6665439+00:00","False"
"VentoR ISRO-R","","CAP 90","CH + EU","Rates unknown","Macro","","https://silkroadportal.com/konular/ventor-isro-r-90-cap-eu-ch-cap-upgrade-macro-bot-beta-18-04-g-o-24-04.1577/","2026-09-30T22:08:28.5002792+00:00","False"
"Whispe-R Online","","CAP 80","CH + EU","Rates unknown","Bot policy unknown","","https://silkroadportal.com/konular/whispe-r-online-80-cap-eu-ch-isro-r-files-wheel-system-beta-10-nisan-buyuk-acilis-17-nisan.1193/ | https://sro360.com/threads/whispe-r-online-80-cap-eu-ch-isro-r-files-wheel-system-beta-10-nisan-buyuk-acilis-17-nisan.261/ | https://srotr.com/konular/whispe-r-online-80-cap-eu-ch-isro-r-files-wheel-system-beta-10-nisan-buyuk-acilis-17-nisan.1710/","2026-09-30T22:08:44.1894284+00:00","False"
"Reborn Newer","","CAP ?","CH + EU","Rates unknown","Bot policy unknown","","https://silkroadportal.com/konular/reborn-newer-isro-r-system-eu-ch-buyuk-acilis-27-mart-eu-acilis-05-haziran.1185/","2026-09-30T22:08:29.7255820+00:00","False"
"Aries Silkroad - MACRO","","CAP 100 / 80","CH","Rates unknown","Macro","","https://silkroadportal.com/konular/aries-silkroad-macro-100-cap-chinese-open-market-long-term-grand-27-march.1196/ | https://joymaxtr.com/konular/aries-silkroad-macro-80-cap-ch-only-long-term-free-market-200-000-tl-prize-pool-go-09-05-2025.1931/","2026-09-30T22:09:27.0545356+00:00","False"
"Yodel Online /// 100 Cap /// Only China /// Free Silk","","CAP 100","CH","Rates unknown","Bot policy unknown","","https://silkroadportal.com/konular/yodel-online-100-cap-only-china-free-silk.1160/","2026-09-30T22:08:29.7258224+00:00","False"
"A.M.K Silkroad 40 Cap","","CAP 40","Race unknown","Rates unknown","Bot policy unknown","","https://silkroadportal.com/konular/a-m-k-silkroad-40-cap-burasi-silkroadin-g-t-deligi-botlar-aktif-trijob-buyuk-acilis-10-04-2026.1222/","2026-09-30T22:08:29.7258674+00:00","False"
"Hangame","","CAP 110","Race unknown","Rates unknown","Bot policy unknown","","https://silkroadportal.com/konular/hangame-110-cap-no-ingame-no-pay-job-savaslari-devam-ediyor-uzun-sureli.1214/ | https://silkroadportal.com/konular/hangame-110-cap-no-ingame-no-pay-job-savaslari-basliyor-acilis-14-kasim-2025-cuma-saat.149/","2026-09-30T22:08:39.3579600+00:00","False"
"Arc Online I 100 Cap Chinese I Dungeon - Drop System I Grand Opening : 03.04.2026","","CAP 100","CH","Rates unknown","Bot policy unknown","","https://silkroadportal.com/konular/arc-online-i-100-cap-chinese-i-dungeon-drop-system-i-grand-opening-03-04-2026.1172/","2026-09-30T22:08:29.7260113+00:00","False"
"Cadde SRO","","CAP 120","CH + EU","Rates unknown","Bot policy unknown","","https://silkroadportal.com/konular/cadde-sro-120-cap-o-13dg-o-eu-ch-o-full-pvp-free-premium-god-blessing-13-nisan-beta-o-17-nisan-acilis.1203/","2026-09-30T22:08:29.7260835+00:00","False"
"AGENT ONLINE 2,500 $ PRIZE POOL","","CAP 80","CH","Rates unknown","Bot policy unknown","","https://silkroadportal.com/konular/agent-online-2-500-prize-pool-80-cap-only-ch-old-system-beta-23-03-26-grand-27-03-26.1073/ | https://srotr.com/konular/agent-online-2-500-prize-pool-80-cap-only-ch-old-system-beta-23-03-26-grand-27-03-26.1656/ | https://silkroadportal.com/konular/agent-online-2-500-prize-pool-80-cap-only-ch-old-system-beta-23-03-26-grand-27-03-26.1074/ | https://srotr.com/konular/agent-online-2-500-prize-pool-80-cap-only-ch-old-system-beta-23-03-26-grand-27-03-26.1657/ | https://joymaxtr.com/konular/agent-online-2-500-prize-pool-80-cap-only-ch-old-system-beta-23-03-26-grand-27-03-26.2278/","2026-09-30T22:09:45.1512738+00:00","False"
"Knight-Road","","CAP ?","Race unknown","Rates unknown","Bot policy unknown","","https://silkroadportal.com/konular/knight-road-knight-online-oyun-sistemi-faction-sistem-rng-unique-macrobot-open-market.1183/ | https://sro360.com/threads/knight-road-knight-online-oyun-sistemi-faction-sistem-rng-unique-macrobot-open-market.236/","2026-09-30T22:08:44.1900418+00:00","False"
"VsroTR l 80 Cap l BİG CHANGE - Açık Beta Sona Erdi - Açılış 24 Mart 21:00 -","","CAP 80","Race unknown","Rates unknown","Bot policy unknown","","https://silkroadportal.com/konular/vsrotr-l-80-cap-l-big-change-acik-beta-sona-erdi-acilis-24-mart-21-00.1175/","2026-09-30T22:08:30.9358225+00:00","False"
"Velorium Online","","CAP 120","CH + EU","Rates unknown","Bot policy unknown","","https://silkroadportal.com/konular/velorium-online-120-cap-eu-chn-free-silk-drop-system-kervan-odakli-play2win-ozel-uniqueler-buyuk-acilis-03-04-2026-21-00.1171/ | https://sro360.com/threads/velorium-online-120-cap-eu-chn-free-silk-drop-system-kervan-odakli-play2win-ozel-uniqueler-buyuk-acilis-03-04-2026.239/","2026-09-30T22:08:44.1898735+00:00","False"
"CSC Game - Arya 100 Cap","","CAP 100","Race unknown","Rates unknown","Macro","","https://silkroadportal.com/konular/csc-game-arya-100-cap-macro-silk-stall-trijob-lol-event-beta-27-03-g-o-03-04.1169/ | https://sro360.com/threads/csc-game-arya-100-cap.157/ | https://srotr.com/konular/csc-game-arya-100-cap-macrobot-silk-stall-trijob-lol-event-beta-27-03-grandopenin-03-04-2026.1676/","2026-09-30T22:08:44.3009487+00:00","False"
"Marik Online","","CAP 120","Race unknown","Rates unknown","Bot policy unknown","","https://silkroadportal.com/konular/marik-online-120-cap-13dg-silk-system-box-system-drop-dungeon-system-grand-opening-06-03-2026.1025/","2026-09-30T22:08:30.9360233+00:00","False"
"Silkroadtopservers.com Silkroad Sunucunuzu Orada Ücretsiz Tanıtın","","CAP ?","Race unknown","Rates unknown","Bot policy unknown","","https://silkroadportal.com/konular/silkroadtopservers-com-silkroad-sunucunuzu-orada-ucretsiz-tanitin.735/","2026-09-30T22:08:30.9360798+00:00","False"
"GAMESRODEDE 110 CAP ORJİNAL SİSTEM","","CAP 110","Race unknown","Rates unknown","Bot policy unknown","","https://silkroadportal.com/konular/gamesrodede-110-cap-orjinal-sistem.1071/","2026-09-30T22:08:30.9361163+00:00","False"
"Nostalgia Silkroad","","CAP 60","CH","Rates unknown","Macro","","https://silkroadportal.com/konular/nostalgia-silkroad-60-cap-ch-oldschool-macro-bot-open-market-buyuk-acilis-27-mart.1090/","2026-09-30T22:08:30.9361658+00:00","False"
"GreatestSRO CAP 120","","CAP 120","CH + EU","Rates unknown","Bot policy unknown","","https://silkroadportal.com/konular/greatestsro-cap-120-eu-ch-drop-system-bot-allowed.1077/","2026-09-30T22:08:30.9362145+00:00","False"
"$1.000 Ödül Havuzu","","CAP 80","Race unknown","Rates unknown","Bot policy unknown","","https://silkroadportal.com/konular/1-000-odul-havuzu-old-legend-80-cap-ilk-2-500-kayita-pre-devil-hediye-ninjaguard-06-mart.1075/","2026-09-30T22:08:32.1131416+00:00","False"
"Neon Online // 80 Cap // EU - CH /// Drop Sistem Klasik Silkroad 06.03.2026","","CAP 80","CH + EU","Rates unknown","Bot policy unknown","","https://silkroadportal.com/konular/neon-online-80-cap-eu-ch-drop-sistem-klasik-silkroad-06-03-2026.1036/ | https://srotr.com/konular/neon-online-80-cap-eu-ch-drop-sistem-klasik-silkroad-06-03-2026.1648/ | https://joymaxtr.com/konular/neon-online-80-cap-eu-ch-drop-sistem-klasik-silkroad-06-03-2026.2270/","2026-09-30T22:09:25.9577426+00:00","False"
"SkyrexSro","","CAP 100","CH","Rates unknown","Macro","","https://silkroadportal.com/konular/skyrexsro-100-cap-only-ch-yeni-nesil-sistem-1-yillik-proje-macro-bot-beta-aktif-grand-06-02-2026.1024/ | https://joymaxtr.com/konular/skyrexsro-100-cap-only-ch-yeni-nesil-sistem-1-yillik-proje-macro-bot-beta-20-02-2026.2247/","2026-09-30T22:09:25.9578380+00:00","False"
"Victoria Rohan 130 Cap iSro-R Server","","CAP 130","Race unknown","Rates unknown","Bot policy unknown","","https://silkroadportal.com/konular/victoria-rohan-130-cap-isro-r-server-wheel-pet-job-set-system-smaug-nazgul-event-long-term.1070/ | https://silkroadportal.com/konular/victoria-rohan-130-cap-isro-r-server-wheel-pet-job-set-system-long-term-g-o-24-ekim.131/ | https://sro360.com/threads/victoria-rohan-130-cap-isro-r-server-wheel-pet-job-set-system-long-term-3000-online.104/","2026-09-30T22:08:39.4086312+00:00","False"
"1000$ Ödül Havuzu Valth Online 110 CAP / ORTA EMEK / A GRADE SISTEM / BETA: 02.03.2026 GRAND: 06.03.","","CAP 110","Race unknown","Rates unknown","Bot policy unknown","","https://silkroadportal.com/konular/1000-odul-havuzu-valth-online-110-cap-orta-emek-a-grade-sistem-beta-02-03-2026-grand-06-03-2026.1054/","2026-09-30T22:08:32.1135200+00:00","False"
"Zenger Online Info Atlas D9 TR","","CAP ?","Race unknown","Rates unknown","Bot policy unknown","","https://silkroadportal.com/konular/zenger-online-info-atlas-d9-tr.1069/","2026-09-30T22:08:32.1135739+00:00","False"
"Kaleas Online","","CAP 120","CH + EU","Rates unknown","Bot policy unknown","","https://silkroadportal.com/konular/kaleas-online-120-cap-eu-ch-13-dg-awaken-system-coin-gold-emek-drop-auto-events-grand-open-27-02-2026.1037/ | https://sro360.com/threads/kaleas-online-120-cap-eu-ch-13-dg-awaken-system-coin-gold-emek-drop-auto-events-grand-open-27-02-2026.211/","2026-09-30T22:08:44.1904620+00:00","False"
"Paradise Online CAP 80 CH - Macro Bot","","CAP 80","CH","Rates unknown","Macro","","https://silkroadportal.com/konular/paradise-online-cap-80-ch-macro-bot-job-based-drop-system-g-o-06-03-2026.1021/","2026-09-30T22:08:32.1137029+00:00","False"
"Lyrx Online 80 Cap Only Chn MACRO-DROP-BOXSYSTEM-FULL ACTİVİTE-SOLOFORTESS-PLAY2WİN BETA 22.02.2026-","","CAP 80","CH","Rates unknown","Macro","","https://silkroadportal.com/konular/lyrx-online-80-cap-only-chn-macro-drop-boxsystem-full-activite-solofortess-play2win-beta-22-02-2026-grand-27-02-2026.1017/ | https://srotr.com/konular/lyrx-online-80-cap-only-chn-macro-drop-boxsystem-full-activite-solofortess-play2win-beta-22-02-2026-grand-27-02-2026.1645/ | https://joymaxtr.com/konular/lyrx-online-80-cap-only-chn-macro-drop-boxsystem-full-activite-solofortess-play2win-beta-22-02-2026-grand-27-02-2026.2260/","2026-09-30T22:09:45.1513407+00:00","False"
"RİSE OF SİLKROAD - CAP 100","https://risesro.online/","CAP 100","CH","2.5x","Bot policy unknown","https://discord.gg/riseofsro","https://silkroadportal.com/konular/rise-of-silkroad-cap-100-chinese-only-2-5x-exp-job-caravan-system-5-000-prize-pool-open-beta-30-01-2026-grand-open-06-02-2026.732/ | https://sro360.com/threads/rise-of-silkroad-cap-100-chinese-only-2-5x-exp-job-caravan-system-5-000-prize-pool-open-beta-30-01-2026-grand-open-06-02-2026.137/ | https://srotr.com/konular/rise-of-silkroad-cap-100-chinese-only-2-5x-exp-job-caravan-system-5-000-prize-pool-open-beta-15-12-2025-grand-open-19-12-2025.469/","2026-09-30T22:09:04.8431692+00:00","False"
"Poseidon Online","","CAP 80 / 100","CH","Rates unknown","Macro","","https://silkroadportal.com/konular/poseidon-online-80-cap-macro-consigment-trading-20-000-prize-pool-beta-phase-13-02-2026-grand-opening-20-02-2026.820/ | https://srotr.com/konular/poseidon-online-80-cap-macro-consigment-trading-20-000-prize-pool-beta-phase-13-02-2026-grand-opening-20-02-2026.1633/ | https://joymaxtr.com/konular/poseidon-online-100-cap-only-ch-macro-600-000-tl-activity-pool-beta-opening-12-09-2025-grand-opening-19-09-2025.2059/","2026-09-30T22:09:46.3656995+00:00","False"
"BUKHARA","","CAP 110","Race unknown","Rates unknown","Bot policy unknown","","https://silkroadportal.com/konular/bukhara-110-cap-drop-system-10-000-odul-havuzu-beta-fortress-200-beta-13-subat-acilis-20-subat.912/","2026-09-30T22:08:33.3299263+00:00","False"
"Unlimited Online 100Cap Only CH Long Term PVE 1000$ Price Pool Grandopen 06/02/2026","","CAP 100","CH","Rates unknown","Bot policy unknown","","https://silkroadportal.com/konular/unlimited-online-100cap-only-ch-long-term-pve-1000-price-pool-grandopen-06-02-2026.910/ | https://srotr.com/konular/unlimited-online-100cap-only-ch-long-term-pve-1000-price-pool-grandopen-06-02-2026.1624/ | https://joymaxtr.com/konular/unlimited-online-100cap-only-ch-long-term-pve-1000-price-pool-grandopen-06-02-2026.2229/","2026-09-30T22:09:45.1514076+00:00","False"
"Alps Online // 100 Cap EU - CH // Free Silk","","CAP 100","CH + EU","Rates unknown","Bot policy unknown","","https://silkroadportal.com/konular/alps-online-100-cap-eu-ch-free-silk.1008/ | https://srotr.com/konular/alps-online-100-cap-eu-ch-free-silk.1618/","2026-09-30T22:08:45.5288442+00:00","False"
"Yodel Online /// 90 Cap /// Only Chine /// Drop Sistem -- 30.01.2026","","CAP 90","Race unknown","Rates unknown","Bot policy unknown","","https://silkroadportal.com/konular/yodel-online-90-cap-only-chine-drop-sistem-30-01-2026.906/","2026-09-30T22:08:33.3300492+00:00","False"
"Velora Online R - İSRO Files - 110 CAP - EU/CH BETA : 30.01.2026 G.O 06.02.2026","","CAP 110","CH + EU","Rates unknown","Bot policy unknown","","https://silkroadportal.com/konular/velora-online-r-isro-files-110-cap-eu-ch-beta-30-01-2026-g-o-06-02-2026.908/","2026-09-30T22:08:33.3300822+00:00","False"
"SERENITY ONLINE","","CAP 100","CH","Rates unknown","Bot policy unknown","","https://silkroadportal.com/konular/serenity-online-100-cap-ch-openmarket-progressive-500-00-tl-odul-20-subat-2026.1004/ | https://srotr.com/konular/serenity-online-100-cap-ch-anti-bypass-500-000-tl-odul-27-subat-2026.1630/","2026-09-30T22:08:45.5282894+00:00","False"
"Viran Sro 2 / 120 Cap / Hybird / Açılış 20.09.2025","","CAP 120","Race unknown","Rates unknown","Bot policy unknown","","https://silkroadportal.com/konular/viran-sro-2-120-cap-hybird-acilis-20-09-2025.38/","2026-09-30T22:08:34.5460308+00:00","False"
"110 Cap Pluto Online","","CAP 110","Race unknown","Rates unknown","Bot policy unknown","","https://silkroadportal.com/konular/110-cap-pluto-online-110-cap-drop-system-job-based-5000-odul-havuzu-5000-online-21.51/ | https://joymaxsro.net/thread/187/pluto-online-110-cap-drop-system-job-based-5000-d-l-havuzu-5000-onli-ne-21-kasimda-a-ildi","2026-09-30T22:09:33.0204030+00:00","False"
"120 Cap Flysro Online 120 Cap 8. Ayında!","","CAP 120","Race unknown","Rates unknown","Bot policy unknown","","https://silkroadportal.com/konular/120-cap-flysro-online-120-cap-8-ayinda-emek-server-12-dg-moon-sun-system-1-000-online-pl.53/","2026-09-30T22:08:34.5461321+00:00","False"
"110 Cap Infinity God Road Silkroad","","CAP 110","CH + EU","Rates unknown","Bot policy unknown","","https://silkroadportal.com/konular/110-cap-infinity-god-road-silkroad-cap-110-eu-ch-rebirth-system-grand-open-14-11-2025.54/ | https://joymaxsro.net/thread/191/infinity-god-road-silkroad-cap-110-eu-ch-rebirth-system-grand-open-14-11-2025","2026-09-30T22:09:30.6199247+00:00","False"
"110 Cap Corvus Online","","CAP 110","Race unknown","Rates unknown","Bot policy unknown","","https://silkroadportal.com/konular/110-cap-corvus-online-110-cap-silk-system-power-system-full-activity-50-000tl-odul-havuz.56/ | https://joymaxsro.net/thread/3957/corvus-online-110-cap-silk-system-play2win-full-activity-beta-05122025-go12122025 | https://joymaxsro.net/thread/142/corvus-online-110-cap-silk-system-power-system-full-activity-50-000tl-d-l-havuzu-beta-12-12-2025-g-o19-12-2025","2026-09-30T22:09:30.6200031+00:00","False"
"110 Cap Solaryn Online","","CAP 110","Race unknown","Rates unknown","Bot policy unknown","","https://silkroadportal.com/konular/110-cap-solaryn-online-110-cap-openmarket-longterm-5000-prizepool-beta-17-01-2026-grand-2.59/ | https://joymaxsro.net/thread/148/solaryn-online-110-cap-openmarket-longterm-5000-prizepool-beta-17-01-2026-grand-23-01-2026","2026-09-30T22:09:28.1808608+00:00","False"
"120 Cap Venüs Online","","CAP 120","CH + EU","Rates unknown","Bot policy unknown","","https://silkroadportal.com/konular/120-cap-venus-online-120-cap-eu-ch-drop-system-coin-system-new-caravan-togoi-full-act.75/ | https://joymaxsro.net/thread/181/ven-s-online-120-cap-eu-ch-drop-system-coin-system-new-caravan-togoi-full-activity-grand-opening-12-12-2025-20-00-gmt-3-uzun-soluklu","2026-09-30T22:09:31.8137416+00:00","False"
"Aren Online I 120 Cap 13Dg I Emek Server ICoin System I Full ActıvıtyI Kale savaşı 5000 tl coin ö...","","CAP 120","Race unknown","Rates unknown","Bot policy unknown","","https://silkroadportal.com/konular/aren-online-i-120-cap-13dg-i-emek-server-icoin-system-i-full-activityi-kale-savasi-5000-tl-coin-o.82/","2026-09-30T22:08:34.5463524+00:00","False"
"Venüs Online","","CAP 120","CH + EU","Rates unknown","Bot policy unknown","","https://silkroadportal.com/konular/venus-online-120-cap-eu-ch-drop-system-coin-system-new-caravan-togoi-full-ac.89/","2026-09-30T22:08:34.5463949+00:00","False"
"120 Cap Deluxe Online 120Cap PvP Server","","CAP 120","Race unknown","Rates unknown","Bot policy unknown","","https://silkroadportal.com/konular/120-cap-deluxe-online-120cap-pvp-server-free-silk-13dg-1-gold-bedava-premium-gb-kapan.90/ | https://joymaxsro.net/thread/3949/deluxe-online-120cap-pvp-server-free-silk-13dg-1-gold-bedava-premium-gb-kapanma-riski-yok-gec-kaldim","2026-09-30T22:09:29.5638457+00:00","False"
"NOVA Online","","CAP 130","Race unknown","Rates unknown","Bot policy unknown","","https://silkroadportal.com/konular/nova-online-cap-130-degree-14-pve-long-term-open-market.94/ | https://silkroadportal.com/konular/nova-online-cap-130-degree-14-pve-long-term-open-market.142/ | https://joymaxtr.com/konular/nova-online-cap-130-degree-14-pve-long-term-open-market.2069/","2026-09-30T22:09:45.1512008+00:00","False"
"Deluxe Online 120Cap PvP Server","","CAP 120","Race unknown","Rates unknown","Bot policy unknown","","https://silkroadportal.com/konular/deluxe-online-120cap-pvp-server-free-silk-13dg-1-gold-bedava-premium-gb-kapanma-riski.116/ | https://srotr.com/konular/deluxe-online-120cap-pvp-server-free-silk-13dg-1-gold-bedava-premium-gb-kapanma-riski-yok-gec-kaldim-derdi-yok-grand-opening-29-08-2025.116/ | https://joymaxtr.com/konular/deluxe-online-120cap-pvp-server-free-silk-13dg-1-gold-bedava-premium-gb-kapanma-riski-yok-gec-kaldim-derdi-yok-deluxe-13-ayinda.2041/ | https://www.vsro.org/konular/deluxe-online-120cap-pvp-server-free-silk-13dg-1-gold-bedava-premium-gb-kapanma-riski-yok-gec-kaldim-derdi-yok-deluxe-13-ayinda.14080/ | https://mt2.org/konu/deluxe-online-120cap-pvp-server-free-silk-13dg-1-gold-kapanma-riski-yok-gec-kaldim-derdi-yok-grand-opening-22-08-2025.5854/","2026-10-01T08:55:46.1486099+00:00","False"
"EisSRO 120 Cap","","CAP 120","Race unknown","Rates unknown","Bot policy unknown","","https://silkroadportal.com/konular/eissro-120-cap-emek-server-awaken-system-activity-honor-beta-open-16-11-2025-grand-open.121/","2026-09-30T22:08:35.7596949+00:00","False"
"Flysro Online 120 Cap 8. Ayında!","","CAP 120","Race unknown","Rates unknown","Bot policy unknown","","https://silkroadportal.com/konular/flysro-online-120-cap-8-ayinda-emek-server-12-dg-moon-sun-system-1000-online-player-gr.133/","2026-09-30T22:08:35.7598709+00:00","False"
"Titan Online","","CAP 120","Race unknown","Rates unknown","Bot policy unknown","","https://silkroadportal.com/konular/titan-online-120-cap-13dg-drop-system-free-silk-job-based-orta-emek-server-fortress-w.138/","2026-09-30T22:08:35.7599352+00:00","False"
"90 Cap Global Silkroad 1 Yaşında ve Hala Canlı!","","CAP 90","CH","Rates unknown","Macro","","https://silkroadportal.com/konular/90-cap-global-silkroad-1-yasinda-ve-hala-canli-90-cap-only-ch-ivsro-r-macro-progressiv.70/","2026-09-30T22:08:35.7599981+00:00","False"
"Elbistan Online - 90 CAP Only Ch Update│Drop System│Old School│New Guild & Solo & Job & Event & Npc","","CAP 90","CH","Rates unknown","Bot policy unknown","","https://silkroadportal.com/konular/elbistan-online-90-cap-only-ch-update-drop-system-old-school-new-guild-solo-job-event-npc-system-grand-opening-05-12-2025.44/ | https://sro360.com/threads/elbistan-online-90-cap-only-ch-update-drop-system-old-school-new-guild-solo-job-event-npc-system-grand-opening-05-12-2025.123/","2026-09-30T22:08:39.4082446+00:00","False"
"90 Cap Silkroad Story Classic","","CAP 90","CH + EU","Rates unknown","Macro","","https://silkroadportal.com/konular/90-cap-silkroad-story-classic-macro-cap-90-eu-ch-long-term-grand-opening-19-eylul.74/ | https://joymaxsro.net/thread/172/silkroad-story-classic-macro-cap-90-eu-ch-long-term-grand-opening-19-eyl-l","2026-09-30T22:09:31.8132090+00:00","False"
"Silkroad Story Classic","","CAP 90 / 105","CH + EU / CH","Rates unknown","Macro","","https://silkroadportal.com/konular/silkroad-story-classic-macro-cap-90-eu-ch-long-term-grand-opening-19-sep.146/ | https://sro360.com/threads/silkroad-story-classic-macro-cap-105-ch-only-long-term-grand-opening-13-march.210/ | https://joymaxtr.com/konular/silkroad-story-classic-macro-cap-90-eu-ch-long-term-grand-opening-19-sep.2063/ | https://www.vsro.org/konular/silkroad-story-classic-macro-cap-90-eu-ch-long-term-grand-opening-19-sep.14263/","2026-09-30T22:09:25.9577011+00:00","False"
"Avalon SRO","","CAP 90","CH + EU","Rates unknown","Bot policy unknown","","https://silkroadportal.com/konular/avalon-sro-90-cap-eu-ch-isro-r-hard-rate-drop-silk-sistem-beta-04-12-2025-g-o-12-12.115/","2026-09-30T22:08:36.9666635+00:00","False"
"Xian Silkroad Season 5","","CAP 80","CH","1X","Bot policy unknown","","https://silkroadportal.com/konular/xian-silkroad-season-5-80-cap-only-chinese-1x-rate-new-system-beta-14-kasim-buyuk-aci.107/","2026-09-30T22:08:36.9667056+00:00","False"
"Westeros Online","","CAP 80","CH","Rates unknown","Bot policy unknown","","https://silkroadportal.com/konular/westeros-online-80-cap-only-chinese-job-activity-drop-system-unique-silk-drop-auto-event.80/ | https://joymaxtr.com/konular/westeros-online-80-cap-only-chinese-job-activity-drop-system-unique-silk-drop-auto-events-bueyuek-acilis-22-eyluel.983/","2026-09-30T22:09:21.0072467+00:00","False"
"SRO8","","CAP ?","Race unknown","Rates unknown","Bot policy unknown","","https://silkroadportal.com/konular/sro8-31-05-2025-zaman-unuttu-biz-hatirlattik-efsane-geri-dondu.108/ | https://sro360.com/threads/sro8-31-05-2025-zaman-unuttu-biz-hatirlattik-efsane-geri-dondu.128/ | https://joymaxtr.com/konular/sro8-31-05-2025-zaman-unuttu-biz-hatirlattik-efsane-geri-doendue.1746/","2026-09-30T22:09:22.2934079+00:00","False"
"Dore Silkroad Reborn","","CAP 80","CH + EU","3X","Bot policy unknown","","https://silkroadportal.com/konular/dore-silkroad-reborn-80-cap-eu-ch-drop-system-3x-rates-g-o-05-12-25-long-term.128/","2026-09-30T22:08:36.9668415+00:00","False"
"80 Cap Dore Silkroad Reborn","","CAP 80","CH + EU","1X / 3X","Bot policy unknown","","https://silkroadportal.com/konular/80-cap-dore-silkroad-reborn-80-cap-eu-ch-drop-system-1x-rates-g-o-05-12-25-long-term.52/ | https://joymaxsro.net/thread/138/dore-silkroad-reborn-80-cap-eu-ch-drop-system-1x-rates-g-o-05-12-25-long-term | https://joymaxsro.net/thread/3968/dore-silkroad-reborn-80-cap-euch-drop-system-3x-rates-go-051225-long-term","2026-09-30T22:09:33.0208935+00:00","False"
"80 Cap Pyrite Online","","CAP 80","CH","1x","Macro","","https://silkroadportal.com/konular/80-cap-pyrite-online-80-cap-chinese-1x-hard-rates-long-term-macro-bot-open-market-o.78/","2026-09-30T22:08:36.9669156+00:00","False"
"Bells Online","","CAP 110","Race unknown","Rates unknown","Bot policy unknown","","https://silkroadportal.com/konular/bells-online-110-cap-drop-system-job-based-silk-system.153/ | https://sro360.com/threads/bells-online-110-cap-drop-system-job-based-silk-system.114/","2026-09-30T22:08:39.4071770+00:00","False"
"⭐ [EC SRO] 110 Cap","","CAP 110","CH + EU","Rates unknown","Bot policy unknown","","https://silkroadportal.com/konular/yildiz-ec-sro-110-cap-eu-ch-balanced-rates-active-job-pvp-play2enjoy-grand-opening-soon.81/","2026-09-30T22:08:38.1736890+00:00","False"
"110 Cap Kyros Online","","CAP 110","Race unknown","Rates unknown","Bot policy unknown","","https://silkroadportal.com/konular/110-cap-kyros-online-110-cap-drop-system-coin-system-play2win-job-based-5000-odul-havu.88/ | https://joymaxsro.net/thread/183/kyros-online-110-cap-drop-system-coin-system-play2win-job-based-5000-d-l-havuzu-beta-03-01-2026-g-o-09-01-2026","2026-09-30T22:09:33.0200936+00:00","False"
"Solaryn Online","","CAP 110","Race unknown","Rates unknown","Bot policy unknown","","https://silkroadportal.com/konular/solaryn-online-110-cap-openmarket-longterm-5000-prizepool-beta-17-01-2026-grand-23-01-2026.110/ | https://silkroadportal.com/konular/solaryn-online-110-cap-openmarket-longterm-5000-prizepool-beta-17-01-2026-grand-23-01-2026.137/ | https://sro360.com/threads/solaryn-online-110-cap-openmarket-longterm-5000-odul-havuzu-beta-17-01-2026-grand-23-01-2026.141/","2026-09-30T22:08:40.5840413+00:00","False"
"Corvus Online","","CAP 110","Race unknown","Rates unknown","Bot policy unknown","","https://silkroadportal.com/konular/corvus-online-110-cap-silk-system-play2win-full-activity-beta-05-12-2025-g-o12-12-2025.112/","2026-09-30T22:08:38.1739158+00:00","False"
"Best Online 110 Cap %100 Pvp EU&CH","","CAP 110","CH + EU","Rates unknown","Bot policy unknown","","https://silkroadportal.com/konular/best-online-110-cap-100-pvp-eu-ch-ch-upgrade-tl-system-28-12-2025.120/","2026-09-30T22:08:38.1739636+00:00","False"
"Project: Silkroad Season 1 - Part 2","","CAP 110","CH + EU","Rates unknown","Macro","","https://silkroadportal.com/konular/project-silkroad-season-1-part-2-110-cap-eu-ch-isro-files-bot-macro-grand-opening-21.135/","2026-09-30T22:08:38.1741253+00:00","False"
"Kingsroad 110 Cap Ahlat Sunucusu 31 Ekim Cuma Akşamı Saat 20:00 de Açılıyor/ 31.10.2025","","CAP 110","Race unknown","Rates unknown","Bot policy unknown","","https://silkroadportal.com/konular/kingsroad-110-cap-ahlat-sunucusu-31-ekim-cuma-aksami-saat-20-00-de-aciliyor-31-10-2025.145/ | https://joymaxtr.com/konular/kingsroad-110-cap-ahlat-sunucusu-31-ekim-cuma-aksami-saat-20-00-de-aciliyor-31-10-2025.2110/","2026-09-30T22:09:25.9578888+00:00","False"
"110 Cap İce Sro","","CAP 110","Race unknown","Rates unknown","Bot policy unknown","","https://silkroadportal.com/konular/110-cap-ice-sro-110-cap-old-scool-emek-server-beta-21-11-2025-buyuk-acilis-28-11-2025.76/","2026-09-30T22:08:39.3580644+00:00","False"
"110 Cap BestOnline 110 Cap Free Silk TL Sistem Beta 05.12.2025 G.O 26.12.2025","","CAP 110","Race unknown","Rates unknown","Bot policy unknown","","https://silkroadportal.com/konular/110-cap-bestonline-110-cap-free-silk-tl-sistem-beta-05-12-2025-g-o-26-12-2025.77/","2026-09-30T22:08:39.3582532+00:00","False"
"100 Cap HollyGame C-Sro","","CAP 100","CH","Rates unknown","Macro","","https://silkroadportal.com/konular/100-cap-hollygame-c-sro-100-cap-macro-only-ch-100-000tl-odul-play-to-win-acilis-19-e.97/","2026-09-30T22:08:39.3584024+00:00","False"
"100 Cap ! Arius Online","","CAP 100","CH","Rates unknown","Bot policy unknown","","https://silkroadportal.com/konular/100-cap-arius-online-100-cap-only-ch-beta-28-11-g-o-05-12-new-dungeon-full-activity.58/ | https://joymaxsro.net/thread/196/arius-online-100-cap-only-ch-beta-28-11-g-o-05-12-new-dungeon-full-activity-daily-5-discord-giveaways","2026-09-30T22:09:33.0203300+00:00","False"
"Velesia Online 110 CAP l Rise Of Velesia I Velesia League I New Caravan I Pharaoh Hunt I BETA 19.12.","","CAP 110","Race unknown","Rates unknown","Bot policy unknown","","https://silkroadportal.com/konular/velesia-online-110-cap-l-rise-of-velesia-i-velesia-league-i-new-caravan-i-pharaoh-hunt-i-beta-19-12-2025-grand-26-12-2025-100-000-tl-prize-pool.412/ | https://srotr.com/konular/velesia-online-110-cap-l-rise-of-velesia-i-velesia-league-i-new-caravan-i-pharaoh-hunt-i-beta-19-12-2025-grand-26-12-2025-100-000-tl-prize-pool.1130/","2026-09-30T22:09:03.6615885+00:00","False"
"110 Cap VALESTRA ONLİNE","","CAP 110","Race unknown","Rates unknown","Bot policy unknown","","https://silkroadportal.com/konular/110-cap-valestra-online-long-term-full-activity-job-based-250-kale-savasi-beta-open-1.71/ | https://joymaxsro.net/thread/184/valestra-onli-ne-long-term-full-activity-job-based-250-kale-sava-i-beta-open-19-12-2025-grand-open-26-12-2025","2026-09-30T22:09:33.0202395+00:00","False"
"MDGSRO","","CAP 100","CH","Rates unknown","Bot policy unknown","","https://silkroadportal.com/konular/mdgsro-100-cap-only-ch-acik-market-elemental-skills-acilis-19-12-2025.165/ | https://sro360.com/threads/m-d-g-sro-100-cap-only-chn-emek-server-longterm-new-event.122/","2026-09-30T22:08:40.5842506+00:00","False"
"Ria Macro","","CAP 80","CH","Rates unknown","Macro","","https://silkroadportal.com/konular/ria-macro-80-cap-only-ch-500-000tl-odul-no-title-no-visual-old-school-g-o-26-12-25.245/","2026-09-30T22:08:40.5843036+00:00","False"
"KYROS ONLINE","","CAP 110","CH + EU","Rates unknown","Bot policy unknown","","https://silkroadportal.com/konular/kyros-online-110-cap-eu-ch-coin-system-activity-based-play2win-beta-09-01-2026-grand-16-01-2026.491/","2026-09-30T22:08:40.5844925+00:00","False"
"Aeglos Online","","CAP 110","CH + EU","Rates unknown","Bot policy unknown","","https://silkroadportal.com/konular/aeglos-online-cap-110-eu-ch-coin-drop-system-dungeons-open-market-beta-16-01-2026-opening-23-01-2026.493/","2026-09-30T22:08:40.5845930+00:00","False"
"Amber Online Macro","","CAP 80","CH","Rates unknown","Macro","","https://silkroadportal.com/konular/amber-online-macro-80-cap-ch-progressive-20000-prize-beta-06-02-2026.907/","2026-09-30T22:08:40.5846577+00:00","False"
"RSilkroad 2025 Season","","CAP 110","Race unknown","Rates unknown","Bot policy unknown","","https://silkroadportal.com/konular/rsilkroad-2025-season-110-cap-i-open-market-i-nova-lv-kolay-i-doyasiya-eglence-i-acilis-21-11-2025-i-uzun-soluklu-rekabet.39/","2026-09-30T22:08:41.7699759+00:00","False"
"90 Cap Oris Online","","CAP 90","CH + EU","1x","Bot policy unknown","","https://silkroadportal.com/konular/90-cap-oris-online-90-cap-1x-eu-ch-isro-skills-oldschool-drop-system-buyuk-acilis-5-ar.50/","2026-09-30T22:08:41.7700246+00:00","False"
"Aries SRO - Macro","https://srocave.com/yonlendirme?to=aHR0cHM6Ly93d3cuZmFjZWJvb2suY29tL0FyaWVzU2lsa3JvYWQyMDI0","CAP 100","CH","Rates unknown","Macro","https://discord.gg/sv6RFzaCsv","https://sro360.com/threads/aries-sro-macro-100-cap-ch-only-uzun-soluklu-serbest-piyasa-200-000-tl-odul-havuzu-beta-21-03-2026.219/","2026-09-30T22:08:51.5656493+00:00","False"
"Original Silkroad","https://chat.whatsapp.com/GAP2vGAMTLILuy5wMAYzwr","CAP 105","CH","Rates unknown","Bot policy unknown","https://discord.gg/tfmpVKraSQ","https://sro360.com/threads/original-silkroad-cap-105-ch-ilerlemek-icin-kolay-yol-yok-beta-6-2-g-o-13-2.121/ | https://srotr.com/konular/original-silkroad-105-cap-sadece-cin-botlu-botsuz-sistem-gelismis-referans-sistemi-kangaroo-event-go-01-08.1523/","2026-09-30T22:08:57.5813097+00:00","False"
"X SRO GAMİNG","","CAP 110","CH + EU","Rates unknown","Bot policy unknown","","https://sro360.com/threads/x-sro-gaming-110-cap-eu-ch-orta-emek-drop-system-uzun-omurlu-beta-28-01-2026-g-o-01-02-2026.190/","2026-09-30T22:08:39.4069400+00:00","False"
"FlySro 80 CAP","","CAP 80","Race unknown","Rates unknown","Bot policy unknown","","https://sro360.com/threads/flysro-80-cap-yeni-sunucu-tibet-emek-server-08-dg-sos-moon-old-system-beta-01-01-2026-grand-08-01-2026.140/","2026-09-30T22:08:39.4069965+00:00","False"
"GrindRoad Online","","CAP 120","CH + EU","Rates unknown","Bot policy unknown","","https://sro360.com/threads/grindroad-online-120-cap-eu-ch-dungeon-system-drop-system-beta-open-08-02-2026-grand-open-13-02-2026.173/ | https://srotr.com/konular/grindroad-online-120-cap-eu-ch-dungeon-system-drop-system-beta-open-08-02-2026-grand-open-13-02-2026.1526/ | https://srotr.com/konular/grindroad-online-120-cap-eu-ch-dungeon-system-drop-system-beta-open-08-02-2026-grand-open-13-02-2026.1529/ | https://joymaxtr.com/konular/grindroad-online-120-cap-eu-ch-dungeon-system-drop-system-beta-open-08-02-2026-grand-open-13-02-2026.2178/","2026-09-30T22:09:45.1513763+00:00","False"
"Persia Silkroad","","CAP 100","CH","1x","Bot policy unknown","","https://sro360.com/threads/persia-silkroad-100-cap-chinese-equalized-system-old-school-1x-rate-beta-09-01-2026-buyuk-acilis-16-01-2026.164/","2026-09-30T22:08:39.4072235+00:00","False"
"Alier Online","","CAP 120","CH + EU","Rates unknown","Bot policy unknown","","https://sro360.com/threads/alier-online-season-iii-winter-saga-120-cap-eu-ch-silk-system-awaken-system-all-dungeons-fortress-war-250-reward.163/","2026-09-30T22:08:39.4072741+00:00","False"
"'-Sirion Online","","CAP 100","CH + EU","Rates unknown","Bot policy unknown","","https://sro360.com/threads/sirion-online-100-cap-eu-ch-old-system-balanced-pvp-grand-opening-16-01-2025.147/","2026-09-30T22:08:39.4073396+00:00","False"
"BB-SİLKROAD l 120cap Eu&Ch l Hard rate l Sılk Sıstem l Drop Sıstem l G.O- 02.01.2026","","CAP 120","CH + EU","Rates unknown","Bot policy unknown","","https://sro360.com/threads/bb-silkroad-l-120cap-eu-ch-l-hard-rate-l-silk-sistem-l-drop-sistem-l-g-o-02-01-2026.151/","2026-09-30T22:08:39.4073798+00:00","False"
"HYPE-R (Tralleis)","","CAP 105","CH","Rates unknown","Bot policy unknown","","https://sro360.com/threads/hype-r-tralleis-105-cap-chn-isro-r-old-karavan-old-skill-new-job-set-g-o-12-12-2025.108/ | https://joymaxsro.net/thread/204/hype-r-tralleis-105-cap-chn-isro-r-old-karavan-old-skill-new-job-set-g-o-12-12-2025","2026-09-30T22:09:31.8127776+00:00","False"
"HANGAME 110-CAP Dengeli Sistem, Adil Oyun Deneyimi,Bugün Başla, Uzun Süre Kal","","CAP 110","Race unknown","Rates unknown","Bot policy unknown","","https://sro360.com/threads/hangame-110-cap-dengeli-sistem-adil-oyun-deneyimi-bugun-basla-uzun-sure-kal.138/","2026-09-30T22:08:39.4076050+00:00","False"
"Kingsroad 110 Cap I pc/ip 10 Limitli I Soğuk Kış Akşamlarının Sıcak Sunucusu","","CAP 110","Race unknown","Rates unknown","Bot policy unknown","","https://sro360.com/threads/kingsroad-110-cap-i-pc-ip-10-limitli-i-soguk-kis-aksamlarinin-sicak-sunucusu.126/","2026-09-30T22:08:39.4080349+00:00","False"
"RSilkroad","","CAP 110","Race unknown","Rates unknown","Bot policy unknown","","https://sro360.com/threads/rsilkroad-110-cap-i-her-ay-50-000-tl-odul-i-open-market-i-nova-lv-kolay-i-doyasiya-eglence-i-acilis-21-11-2025-i-uzun-soluklu-rekabet.117/ | https://srotr.com/konular/rsilkroad-110-cap-i-open-market-i-silk-system-i-long-term-i-more-fun-110-cap-i-go-21-11-2025.466/ | https://joymaxtr.com/konular/rsilkroad-110-cap-i-sololara-tamamen-uygun-i-orta-emek-nova-lv-kolay-i-doyasiya-eglence-i-uzun-soluklu-rekabet.2102/","2026-09-30T22:09:25.9579980+00:00","False"
"Alps Online // 100 Cap EU - CH // Free Silk 12.12.2025","","CAP 100","CH + EU","Rates unknown","Bot policy unknown","","https://sro360.com/threads/alps-online-100-cap-eu-ch-free-silk-12-12-2025.125/","2026-09-30T22:08:39.4081656+00:00","False"
"Imperia Online","","CAP 140","Race unknown","Rates unknown","Bot policy unknown","","https://sro360.com/threads/imperia-online-cap-140-activity-system-drop-system-new-trade-route-grand-07-08.120/ | https://www.vsro.org/konular/imperia-online-cap-140-new-route-drop-system-activity-system-grand-07-08.18843/","2026-09-30T22:08:39.4083699+00:00","False"
"Asgard Online - 100 Cap CH","","CAP 100","CH","Rates unknown","Bot policy unknown","","https://sro360.com/threads/asgard-online-100-cap-ch-100-lv-baslangic-yari-emek-uzun-soluklu-drop-system-sinirsiz-eglence.109/","2026-09-30T22:08:39.4085720+00:00","False"
"Arixa Online","","CAP 130","Race unknown","Rates unknown","Bot policy unknown","","https://sro360.com/threads/arixa-online-cap-130-d13-1500-guild-season-rank-activity-system-drop-system-fgw-go-09-10.517/","2026-09-30T22:08:39.4086913+00:00","False"
"ArkSroOnline","","CAP 120","Race unknown","Rates unknown","Bot policy unknown","https://discord.gg/HZHuvYvzcG","https://sro360.com/threads/arksroonline-120cap-101-start-orta-emek-pvp-server-silk-system-13-dg-nova-1-gold-dungeon-drop-system-3-hafta-beta-grand-opening-30-10-2026.437/ | https://sroway.com/threads/arksroonline-120cap-101-start-half-pve-half-pvp-silk-system-13-dg-nova-1-gold-dungeon-drop-system-3-weeks-beta-grand-opening-30-10-2026.1331/ | https://joymaxtr.com/konular/arksroonline-120cap-101-start-orta-emek-pvp-server-silk-system-13-dg-nova-1-gold-dungeon-drop-system-3-hafta-beta-grand-opening-30-10-2026.2473/ | https://www.vsro.org/konular/arksroonline-120cap-101-start-orta-emek-pvp-server-silk-system-13-dg-nova-1-gold-dungeon-drop-system-3-hafta-beta-grand-opening-30-10-2026.19158/","2026-09-30T22:09:27.8462630+00:00","False"
"7KINGDOM Cap 110 PVE","","CAP 110","CH + EU","20x","Bot policy unknown","","https://sro360.com/threads/7kingdom-cap-110-pve-long-term-server.356/ | https://silkroadportal.com/konular/7kingdom-cap-110-pve-long-term-server.2268/","2026-09-30T22:09:04.7527992+00:00","False"
"HEAVEN ONLINE","","CAP 60","CH + EU","1X","Bot policy unknown","","https://sro360.com/threads/heaven-online-60-cap-eu-ch-1x-rate-old-school-buyuk-acilis-18-09-2026.477/","2026-09-30T22:08:39.4089198+00:00","False"
"Kyron Online 110 CAP EU/CH","","CAP 110","CH + EU","Rates unknown","Bot policy unknown","","https://sro360.com/threads/kyron-online-110-cap-eu-ch-drop-system-beta-12-09-2026-grand-open-18-09-2026.475/","2026-09-30T22:08:39.4090262+00:00","False"
"ZSZC Silkroad","","CAP 105","CH","Rates unknown","Macro","","https://sro360.com/threads/zszc-silkroad-105-cap-only-ch-1-300-000-tl-odul-havuzu-beta-15-09-2026-grand-18-09-2026-efsane-zszc-geri-dondu.474/ | https://silkroadportal.com/konular/zszc-silkroad-105-cap-only-ch-30-000-prize-pool-beta-04-05-2026-grand-08-05-2026-legend-zszc-is-back.1553/ | https://joymaxtr.com/konular/zszc-silkroad-105-cap-only-chinese-macro-bot-1-300-000-tl-oeduel-havuzu-beta-15-09-2026-grand-18-09-2026-simdi-mobile-pc.2332/ | https://joymaxtr.com/konular/zszc-silkroad-105-cap-only-ch-30-000-prize-pool-beta-04-08-2026-grand-08-05-2026-legend-is-back.2333/ | https://www.vsro.org/konular/zszc-silkroad-105-cap-only-ch-1-300-000-tl-odul-havuzu-grand-18-09-2026-3000-gercek-oyuncu-simdi-mobile-pc-ayni-anda.18214/","2026-09-30T22:09:43.9774122+00:00","False"
"Sola Silkroad","","CAP 110","CH + EU","Rates unknown","Bot policy unknown","","https://sro360.com/threads/sola-silkroad-cap-110-ch-eu-open-market-play2win-auto-caravan-go-sept-11.433/","2026-09-30T22:08:39.4093393+00:00","False"
"MAST SRO","","CAP 80","CH","15x","Macro","","https://sro360.com/threads/mast-sro-80-cap-chn-old-school-gold-economy-macro-system-acilis-11-09-2026.431/ | https://sroway.com/threads/mast-sro-80-cap-macro-chn-only-g-o-11-09-2026-gold-economy-15x-exp-rate-oldschool.1294/ | https://joymaxtr.com/konular/mast-sro-80-cap-chn-old-school-gold-economy-macro-system-acilis-11-09-2026.2450/","2026-09-30T22:09:22.2932959+00:00","False"
"SanSro","","CAP 110","CH + EU","Rates unknown","Bot policy unknown","","https://sro360.com/threads/sansro-110-cap-eu-chn-drop-system-300-000-prize-pool-beta-07-09-grand-11-09.382/","2026-09-30T22:08:39.4097203+00:00","False"
"AtlasRoad","","CAP 120","CH + EU","Rates unknown","Bot policy unknown","","https://sro360.com/threads/atlasroad-120-cap-eu-ch-new-aram-mode-uzun-omurlu-upgrade-drop-tl-system-beta-aktif-hemen-giris-yap-g-o-14-08-2026.369/ | https://srotr.com/konular/atlasroad-120-cap-eu-ch-new-aram-mode-uzun-omurlu-upgrade-drop-tl-system-14-08-2026.1942/ | https://joymaxtr.com/konular/atlasroad-120-cap-eu-ch-new-aram-mode-uzun-oemuerlue-upgrade-drop-tl-system-beta-aktif-750-aktif-oyuncu.2428/","2026-09-30T22:09:23.3929171+00:00","False"
"Powe-R Online","","CAP ?","CH + EU","Rates unknown","Bot policy unknown","","https://sro360.com/threads/powe-r-online-eu-ch-eski-usul-ve-uzun-soluklu-ozel-sistemler-buyuk-acilis-07-08-2026.368/","2026-09-30T22:08:40.5861835+00:00","False"
"Nexen Online","","CAP 40","CH + EU","Rates unknown","Bot policy unknown","","https://sro360.com/threads/nexen-online-40-cap-eu-ch-next-generation-exclusive-features-go-07-08.367/ | https://sroway.com/threads/nexen-online-40-cap-eu-ch-next-generation-exclusive-features-go-07-08.1216/","2026-09-30T22:09:15.8156472+00:00","False"
"Pluto Macro","","CAP 60","CH","Rates unknown","Macro","","https://sro360.com/threads/pluto-macro-60-cap-ch-guncellemesi-old-school-trijob-uzun-soluklu-2-aydir-aktif-5000-odul-havuzu-beta-14-07-go-17-07.360/ | https://sroway.com/threads/pluto-macro-60-cap-ch-update-trijob-2-month-active-5000-prizepool-go-17-07.1161/","2026-09-30T22:09:14.7238899+00:00","False"
"ASHES ONLINE","","CAP 80 / 40","CH","Rates unknown","No bots","","https://sro360.com/threads/ashes-online-cap-80-non-bot-only-chinese-play2win.324/ | https://sroway.com/threads/ashes-online-cap-80-non-bot-only-chinese-play2win.1176/ | https://joymaxtr.com/konular/ashes-online-cap-40-progressive-non-bot-only-chinese-auto-select.2395/","2026-09-30T22:09:21.0072796+00:00","False"
"Owner Online","","CAP 100","CH","Rates unknown","Bot policy unknown","","https://sro360.com/threads/owner-online-100-cap-ch-drop-system-job-based-play2win-beta-29-06-grand-03-07.358/","2026-09-30T22:08:40.5866532+00:00","False"
"CARAVAN ONLINE","","CAP 80","CH","Rates unknown","Bot policy unknown","","https://sro360.com/threads/caravan-online-cap-80-ch-job-base-system-easy-drop-harc-alchemy-beta-07-07-grand-10-07.353/ | https://joymaxtr.com/konular/caravan-online-cap-80-ch-job-base-system-easy-drop-harc-alchemy-beta-30-06-grand-03-07.2407/","2026-09-30T22:09:24.6659380+00:00","False"
"Yuin Online 80 CAP","","CAP 80","Race unknown","Rates unknown","Bot policy unknown","","https://sro360.com/threads/yuin-online-80-cap-pc-ip-3-ilk-1-000-uyelige-premium-hediye-15-haziran-beta-19-haziran-grand.350/","2026-09-30T22:08:40.5870330+00:00","False"
"Neon Online","","CAP 110","CH + EU","Rates unknown","Bot policy unknown","","https://sro360.com/threads/neon-online-110-cap-eu-ch-serbest-piyasa-dengelenmis-etkinlikler-silk-stall-beta-19-6.348/ | https://joymaxtr.com/konular/neon-online-110-cap-eu-ch-serbest-piyasa-dengelenmis-etkinlikler-silk-stall-beta-19-6.2413/","2026-09-30T22:09:23.3929595+00:00","False"
"Goat Games","","CAP 90","CH","Rates unknown","Bot policy unknown","","https://sro360.com/threads/goat-games-90-cap-ch-250-000tl-odul-zeus-vs-hades-event-beta-15-06-grand-19-06.336/","2026-09-30T22:08:41.7785691+00:00","False"
"ELECTUS STYLE OLDSCHOOL: 80 CAP CHINESE - DROP SYSTEM - FREESILK - 2 MILYON TL NAKİT ÖDÜL HAVUZU","","CAP 80","CH","Rates unknown","Bot policy unknown","","https://sro360.com/threads/electus-style-oldschool-80-cap-chinese-drop-system-freesilk-2-milyon-tl-nakit-odul-havuzu.331/ | https://joymaxtr.com/konular/electus-style-oldschool-80-cap-chinese-drop-system-freesilk-2-milyon-tl-nakit-oeduel-havuzu.2374/","2026-09-30T22:09:24.6661599+00:00","False"
"Pluto","","CAP 40","CH","Rates unknown","Bot policy unknown","","https://sro360.com/threads/pluto-40-cap-ch-old-school-trijob-long-term-5000-prize-pool-upgrade-system-15-mayista-acildi-2000-online.311/","2026-09-30T22:08:41.7788319+00:00","False"
"ResurrectionSro BETA 01.06.2026 / 05.06.2026 Büyük Açılış. 120Cap EU/CH/Aweken System/New VIP honor","","CAP 120","CH + EU","Rates unknown","Bot policy unknown","","https://sro360.com/threads/resurrectionsro-beta-01-06-2026-05-06-2026-buyuk-acilis-120cap-eu-ch-aweken-system-new-vip-honor-system-trsro-skill-efect.309/","2026-09-30T22:08:41.7789158+00:00","False"
"Letra Online","","CAP 110","Race unknown","Rates unknown","Macro","","https://sro360.com/threads/letra-online-110-cap-11-dg-orta-emek-server-macro-bot-3000-buyuk-odul-beta-open-25-05-2026-grand-open-29-05-2026.308/","2026-09-30T22:08:41.7789655+00:00","False"
"Respectus Online","","CAP 60","Race unknown","Rates unknown","Macro","","https://sro360.com/threads/respectus-online-60-cap-macro-progressive-system-equalized-events-g-o-29-may-2026.307/","2026-09-30T22:08:41.7790094+00:00","False"
"DreamWorld","","CAP 125 / 105","CH","Rates unknown","Bot policy unknown","","https://sro360.com/threads/dreamworld-125-cap-mid-rates-new-skills-open-market-go-24-may-join-now-l-baghdad-l-mirror-l-new-fgw.306/ | https://sroway.com/threads/dreamworld-cap-105-china-only-50-000-prize-pool-long-term-17-07-2026.1202/ | https://joymaxtr.com/konular/dreamworld-105-cap-sadece-ch-50-000-oeduel-havuzu-uzun-oemuerlue-17-07-2026.2420/ | https://joymaxtr.com/konular/dreamworld-125-cap-mid-rates-new-skills-open-market-go-24-may-join-now-l-baghdad-l-mirror-l-new-fgw.2375/","2026-09-30T22:09:43.9772382+00:00","False"
"22 MAYIS'TA AÇILIYOR!","","CAP 80","CH","Rates unknown","Bot policy unknown","","https://sro360.com/threads/22-mayista-aciliyor-light-online-80-cap-ch-drop-system-job-based-full-aktivite.305/","2026-09-30T22:08:41.7790996+00:00","False"
"'+750 Online ile Devam Ediyoruz! Syhnex Online","","CAP 120","CH + EU","Rates unknown","Bot policy unknown","","https://sro360.com/threads/750-online-ile-devam-ediyoruz-syhnex-online-120-cap-europe-chinese-upgrade-system-long-term-g-o-15-05-2026.300/","2026-09-30T22:08:43.0488958+00:00","False"
"SROOLD Cap 140","","CAP 140","CH + EU","Rates unknown","Bot policy unknown","","https://sro360.com/threads/sroold-cap-140-eu-ch-acik-market-uzun-vadeli-oyun-deneyimi-buyuk-acilis-5-haziran.286/ | https://sroway.com/threads/sroold-cap-140-eu-ch-open-market-long-term-grand-opening-5-june.1164/ | https://joymaxtr.com/konular/sroold-cap-140-eu-ch-acik-market-uzun-vadeli-oyun-bueyuek-acilis-5-haziran.2361/","2026-09-30T22:09:22.2930906+00:00","False"
"Marviex","","CAP 110","CH + EU","Rates unknown","Bot policy unknown","","https://sro360.com/threads/marviex-cap-110-eu-ch-auto-caravan-battle-royale-35-k-prizepool-grand-08-may-2026.281/ | https://joymaxtr.com/konular/marviex-cap-110-eu-ch-auto-caravan-battleroy-35-k-prizepool-grand-08-may-2026.2350/","2026-09-30T22:09:24.6661228+00:00","False"
"Destiny Online","","CAP 85","CH + EU","Rates unknown","No bots","","https://sro360.com/threads/destiny-online-cap-85-ch-eu-no-bot-endless-pvp-4-26-beta-5-1-26-grand.280/ | https://silkroadportal.com/konular/destiny-online-cap-85-ch-eu-no-bot-endless-pvp-4-26-beta-5-1-26-grand.1724/","2026-09-30T22:08:58.7098873+00:00","False"
"Ghost-R","","CAP 100","CH + EU","Rates unknown","Bot policy unknown","","https://sro360.com/threads/ghost-r-isro-files-cap100-eu-ch-progressive-5000-prize-pool-g-o-1-5.279/","2026-09-30T22:08:43.0493730+00:00","False"
"'+1500 OYUNCU","","CAP 110","Race unknown","1X","Bot policy unknown","","https://sro360.com/threads/1500-oyuncu-zenith-online-110-cap-1x-rates-orijinal-sistem-play2win.272/","2026-09-30T22:08:43.0495436+00:00","False"
"Zaun Online","","CAP 60","CH","Rates unknown","Bot policy unknown","","https://sro360.com/threads/zaun-online-60-cap-play2win-only-ch-progressive-system-gercek-old-school-deneyimi-beta-20-04-2026-g-o-24-04-2026.269/","2026-09-30T22:08:43.0495844+00:00","False"
"🔥 IronSRO-R","","CAP 140","Race unknown","Rates unknown","Bot policy unknown","","https://sro360.com/threads/ironsro-r-cap-140-max-17dg-mid-rate-sro-r-system.257/ | https://srotr.com/konular/ironsro-r-140-cap-17dg-max-mid-rate-sro-r-sistem.1726/","2026-09-30T22:08:43.1028867+00:00","False"
"Zerathis Online","","CAP 110","CH + EU","Rates unknown","Bot policy unknown","","https://sro360.com/threads/zerathis-online-110cap-eu-ch-7-24-auto-events-dungeon-system-long-therm-g-o-17-04-2026.256/ | https://srotr.com/konular/zerathis-online-110cap-eu-ch-7-24-auto-events-dungeon-system-long-therm-g-o-17-04-2026.1717/","2026-09-30T22:08:44.1896154+00:00","False"
"Avorans - Macro","","CAP 60","CH","1X","Macro","","https://sro360.com/threads/avorans-macro-60-cap-ch-1x-rate-old-trijob-school-silk-stall-uzun-soluklu-beta-3-nisan-buyuk-acilis-10-nisan.248/ | https://srotr.com/konular/avorans-macro-60-cap-ch-1x-rate-old-trijob-school-silk-stall-uzun-soluklu-beta-3-nisan-buyuk-acilis-10-nisan.1713/ | https://joymaxsro.net/thread/4236/avorans-macro-60-cap-ch-1x-rate-old-trijob-school-silk-stall-uzun-soluklu-beta-3-nisan-b-y-k-a-ili-10-n-san","2026-09-30T22:09:24.5488171+00:00","False"
"Joynet Online","","CAP 110","Race unknown","Rates unknown","Bot policy unknown","","https://sro360.com/threads/joynet-online-110-cap-rekabetci-joynet-ligi-cin-eventleri-ozel-drop-box-beta-13-nisan-grand-17-nisan.221/ | https://srotr.com/konular/joynet-online-110-cap-rekabetci-joynet-ligi-cin-eventleri-ozel-drop-box-beta-13-nisan-grand-open-17-nisan.1682/","2026-09-30T22:08:44.1899607+00:00","False"
"JSON Online","","CAP 120","CH + EU","Rates unknown","Bot policy unknown","","https://sro360.com/threads/json-online-120-cap-eu-ch-emek-server-item-kirdirma-system-drop-box-system-job-system-new-events-full-activite-g-o-27-03-2026.235/","2026-09-30T22:08:44.1901321+00:00","False"
"Anashya Online","","CAP 110","CH + EU","Rates unknown","Bot policy unknown","","https://sro360.com/threads/anashya-online-110-cap-eu-ch-50-emek-11-dg-nova-7-fb-start-fight-sox-drop-and-box-job-based-auto-event-silk-system-g-o-20-03-2026.220/","2026-09-30T22:08:44.1903006+00:00","False"
"GOU ONLINE SEASON 2","","CAP 100","CH","Rates unknown","Macro","","https://sro360.com/threads/gou-online-season-2-100-cap-ch-macro-bot-silk-stall-open-market-grand-opening-06-03-2026.213/ | https://srotr.com/konular/gou-online-season-2-cap-100-only-ch-drop-system-macro-silk-stall-open-market-go-06-03.1649/","2026-09-30T22:08:45.5285600+00:00","False"
"Sargon Online","","CAP 110","CH + EU","Rates unknown","Macro","","https://sro360.com/threads/sargon-online-110-cap-eu-ch-uzun-soluklu-macro-bot-aktivite-sistemi-beta-20-2-g-o-27-2.203/ | https://srotr.com/konular/sargon-online-110-cap-eu-ch-uzun-soluklu-macro-bot-aktivite-sistemi-beta-20-2-g-o-27-2.1640/ | https://joymaxtr.com/konular/sargon-online-110-cap-eu-ch-uzun-soluklu-macro-bot-aktivite-sistemi-beta-20-2-g-o-27-2.1970/","2026-09-30T22:09:25.9576100+00:00","False"
"VsroTR 80 CAP Açılış 20.03.2026 Cuma 21:00 - Bayrama Özel 15.000 TL Ödüllü","","CAP 80","Race unknown","Rates unknown","Bot policy unknown","","https://sro360.com/threads/vsrotr-80-cap-acilis-20-03-2026-cuma-21-00-bayrama-ozel-15-000-tl-odullu.202/","2026-09-30T22:08:44.1907259+00:00","False"
"SROGRAM","","CAP 80","CH","Rates unknown","Bot policy unknown","","https://sro360.com/threads/srogram-80-cap-ch-progressive-hard-rates-oldschool-19-aralik-2025.116/","2026-09-30T22:08:44.1907912+00:00","False"
"Old Silkroad Online","","CAP 80","CH","1x","Bot policy unknown","","https://srotr.com/konular/old-silkroad-online-cap-80-ch-only-1x-rates-real-old-school-beta-21-08-go-04-09.1579/","2026-09-30T22:08:50.6300308+00:00","False"
"SRO-GO","","CAP 40","Race unknown","Rates unknown","Macro","","https://srotr.com/konular/sro-go-40-cap-macro-beta-07-08-grand-opening-14-08-the-return-of-true-nostalgia.1679/ | https://sroway.com/threads/sro-go-40-cap-macro-beta-07-08-grand-opening-14-08-the-return-of-true-nostalgia.1213/","2026-09-30T22:09:15.8150464+00:00","False"
"Europen Online l 40 Cap","","CAP 40","Race unknown","Rates unknown","Macro","","https://srotr.com/konular/europen-online-l-40-cap-progressive-euro-only-macro-balanced-long-term-g-o-8-21.1973/","2026-09-30T22:08:55.2063389+00:00","False"
"Astyra Silkroad-R","","CAP 140","Race unknown","Rates unknown","Bot policy unknown","","https://srotr.com/konular/astyra-silkroad-r-140-cap-1-1-isro-ultimate.1786/","2026-09-30T22:08:56.3976710+00:00","False"
"Arrow Imperia Online","","CAP 140","Race unknown","Rates unknown","Bot policy unknown","","https://srotr.com/konular/arrow-imperia-online-cap-140-new-route-drop-system-activity-system-grand-07-08.734/ | https://srotr.com/konular/arrow-imperia-online-cap-140-new-route-drop-system-activity-system-grand-07-08.1945/","2026-09-30T22:09:00.1125515+00:00","False"
"SKYREX ONLİNE SRO","","CAP 100","CH","Rates unknown","Macro","","https://srotr.com/konular/skyrex-online-sro-100-cap-only-ch-silkroad-06-martta-acildi-1-yillik-proje-adil-oyun-macro-bot.1705/","2026-09-30T22:08:40.7295752+00:00","False"
"VENICE 2006","","CAP 90","CH","Rates unknown","Bot policy unknown","","https://srotr.com/konular/venice-2006-90-cap-ch-hard-rates-monthly-5000-reward-12-06-2026.1672/","2026-09-30T22:08:40.7296503+00:00","False"
"125 Cap JoySro (Hazar)","","CAP 125","CH + EU","Rates unknown","Bot policy unknown","","https://srotr.com/konular/125-cap-joysro-hazar-125-cap-eu-ch-en-uzun-sureli-private-sunucu-tanitim-konusu.121/ | https://joymaxsro.net/thread/4216/125-cap-joysro-hazar-125-cap-eu-ch-en-uzun-s-rel-pr-vate-sunucu-tanitim-konusu","2026-09-30T22:09:25.7731159+00:00","False"
"JSRO ONLİNE SİLKROAD","","CAP 80","Race unknown","Rates unknown","Bot policy unknown","","https://srotr.com/konular/jsro-online-silkroad-80-cap-upgrade-full-activity-upgrade-system-7-months-active-upgrade-date-01-05-2026.1760/","2026-09-30T22:08:41.9126589+00:00","False"
"Exgate Online 120Cap PvP Server","","CAP 120","Race unknown","Rates unknown","Bot policy unknown","","https://srotr.com/konular/exgate-online-120cap-pvp-server-silk-system-12dg-1-gold-13dg-upgrade-bedava-premium-gb-kapanma-riski-yok-grand-opening-16-01-2026.1559/ | https://joymaxtr.com/konular/exgate-online-120cap-pvp-server-silk-system-12dg-1-gold-13dg-upgrade-bedava-premium-gb-kapanma-riski-yok-grand-opening-16-01-2026.2187/","2026-09-30T22:09:24.6664012+00:00","False"
"Zeratus Silkroad","","CAP 110","CH + EU","Rates unknown","Bot policy unknown","","https://srotr.com/konular/zeratus-silkroad-110-cap-eu-ch-yeni-nesil-sistemler-new-battle-pass-grand-opening-01-mayis-2026-beta-29-nisan.1785/","2026-09-30T22:08:41.9129458+00:00","False"
"SilkHeart Online Silkroad","","CAP 120","CH + EU","Rates unknown","Bot policy unknown","","https://srotr.com/konular/silkheart-online-silkroad-120-cap-12d-eu-ch-oldschool-full-classic-game-play-24-04-2026-gercek-silkroad-deneyimi-basliyor.1720/","2026-09-30T22:08:41.9131018+00:00","False"
"Knight Road Silkroad","","CAP ?","Race unknown","Rates unknown","Bot policy unknown","","https://srotr.com/konular/knight-road-silkroad-knight-online-oyun-sistemi-faction-sistem-rng-unique-open-market-macrobot.1683/ | https://joymaxsro.net/thread/4226/knight-road-silkroad-knight-online-oyun-sistemi-faction-sistem-rng-unique-open-market-macrobot","2026-09-30T22:09:24.5492453+00:00","False"
"ARKEN ONLINE SİLKROAD","","CAP 100","CH","Rates unknown","Macro","","https://srotr.com/konular/arken-online-silkroad-100-cap-ch-macro-bot-tri-job-offline-stall-500-000tl-odul-havuzu-buyuk-acilis-17-nisan-2026.1718/","2026-09-30T22:08:41.9133486+00:00","False"
"Zenith Online Silkroad","","CAP 110","Race unknown","1x","Bot policy unknown","","https://srotr.com/konular/zenith-online-silkroad-110-cap-1x-rates-orijinal-sistem-play2win-beta-07-04-2026-grand-opening-17-04-2026.1700/","2026-09-30T22:08:43.1023191+00:00","False"
"KYZEN ONLINE - CAP 80","","CAP 80","CH","Rates unknown","Bot policy unknown","","https://srotr.com/konular/kyzen-online-cap-80-trijob-system-league-of-legends-5-000-prize-pool-chinese-only-beta-13-04-2026-go-17-04-2026.468/","2026-09-30T22:08:43.1024504+00:00","False"
"BackTo80S Silkroad","","CAP 80","CH","Rates unknown","Macro","","https://srotr.com/konular/backto80s-silkroad-80-cap-ch-macro-bot-10-000-prize-pool-beta-13-04-grandopening-17-04-2026.1729/","2026-09-30T22:08:43.1026999+00:00","False"
"Aries SRO - Macrobot","","CAP 100","CH","Rates unknown","Bot policy unknown","","https://srotr.com/konular/aries-sro-macrobot-100-cap-ch-only-uzun-soluklu-serbest-piyasa-200-000-tl-odul-havuzu-beta-21-03-2026.1666/","2026-09-30T22:08:43.1027597+00:00","False"
"Vortex Online 120 CAP – 13 DG –1 GOLD SYSTEM - MAX 16 DG 08.02.2026 OPEN AKTİVİTE ODAKLI SERVER","","CAP 120","Race unknown","Rates unknown","Bot policy unknown","","https://srotr.com/konular/vortex-online-120-cap-13-dg-1-gold-system-max-16-dg-08-02-2026-open-aktivite-odakli-server.1664/ | https://joymaxtr.com/konular/vortex-online-120-cap-13-dg-1-gold-system-max-16-dg-08-02-2026-open-aktivite-odakli-server.2238/","2026-09-30T22:09:24.6657996+00:00","False"
"Elyra Online Silkroad","","CAP 80","CH","1X","Macro","","https://srotr.com/konular/elyra-online-silkroad-80-cap-ch-1x-macro-trijob-season-system-beta-3-nisan-buyuk-acilis-10-nisan.1677/","2026-09-30T22:08:43.1029879+00:00","False"
"Requer Online","","CAP 80","CH + EU","10x","Bot policy unknown","","https://srotr.com/konular/requer-online-cap-80-eu-ch-macrobot-10x-rates-long-term-sox-som-drop-acilis-27-mart.1663/","2026-09-30T22:08:43.1031075+00:00","False"
"EldenRoad 130 Cap","","CAP 130","CH + EU","Rates unknown","Bot policy unknown","","https://srotr.com/konular/eldenroad-130-cap-eu-china-mastery-260-390-awaken-based-system-l-beta-06-03-2026-l-grandopen-13-03-2026.1652/","2026-09-30T22:08:43.1031648+00:00","False"
"Blaze Silkroad Online","","CAP 100","Race unknown","10x","Bot policy unknown","","https://srotr.com/konular/blaze-silkroad-online-100-cap-10x-rates-ozlenen-system-play2win-grand-opening-03-04-2026.1715/","2026-09-30T22:08:43.1032412+00:00","False"
"Sailor Online Silkroad l isro-r l isro files Arabian Dawn","","CAP 130","Race unknown","Rates unknown","Bot policy unknown","","https://srotr.com/konular/sailor-online-silkroad-l-isro-r-l-isro-files-arabian-dawn-130-cap-latest-isror-voice-chat-new-technology.1699/","2026-09-30T22:08:43.1034073+00:00","False"
"Kaleas Online Silkroad","","CAP 120","CH + EU","Rates unknown","Bot policy unknown","","https://srotr.com/konular/kaleas-online-silkroad-120-cap-eu-ch-13-dg-awaken-system-coin-gold-system-emek-drop-system-auto-events-emek-grand-open-27-03-2026.1698/","2026-09-30T22:08:43.1034588+00:00","False"
"Storm Online Silkroad","","CAP 120","Race unknown","Rates unknown","Bot policy unknown","","https://srotr.com/konular/storm-online-silkroad-120-cap-13dg-silk-system-play2win-drop-box-upgrade-grandopening-03-04-2026.1696/","2026-09-30T22:08:43.1035084+00:00","False"
"VsroTR 80 CAP Açılış 20.03.2026 Cuma 21:00 - Bayrama Özel 15.000 TL Ödüllü Event","","CAP 80","Race unknown","Rates unknown","Bot policy unknown","","https://srotr.com/konular/vsrotr-80-cap-acilis-20-03-2026-cuma-21-00-bayrama-ozel-15-000-tl-odullu-event.1642/","2026-09-30T22:08:44.3003712+00:00","False"
"Silkroad Fun","","CAP 80","Race unknown","1x","Bot policy unknown","","https://srotr.com/konular/silkroad-fun-80-cap-1x-rate-isro-system-quest-system-3job-free-h-silk.1670/","2026-09-30T22:08:44.3004785+00:00","False"
"XERSES SİLKROAD ONLİNE MACRO","","CAP 80","CH","Rates unknown","Macro","","https://srotr.com/konular/xerses-silkroad-online-macro-80-cap-ch-easy-rates-activity-point-system-10-000-reward-g-o-06-03.1695/","2026-09-30T22:08:44.3005240+00:00","False"
"Revolt Online Silkroad","","CAP 120","CH + EU","Rates unknown","Bot policy unknown","","https://srotr.com/konular/revolt-online-silkroad-isro-r-files-120-cap-ch-eu.1694/","2026-09-30T22:08:44.3005618+00:00","False"
"Best Online Silkroad l 110 Cap","","CAP 110","CH + EU","Rates unknown","Bot policy unknown","","https://srotr.com/konular/best-online-silkroad-l-110-cap-tl-sistem-12-items-1-gold-orta-emek-dengeli-eu-ch-500-player.1693/","2026-09-30T22:08:44.3006009+00:00","False"
"Newer Online Reborn Silkroad","","CAP ?","CH","Rates unknown","Bot policy unknown","","https://srotr.com/konular/newer-online-reborn-silkroad-isro-r-system-only-ch-grand-opening-27-03-2026.1691/ | https://joymaxsro.net/thread/4245/newer-online-reborn-silkroad-isro-r-system-only-ch-grand-opening-27-03-2026","2026-09-30T22:09:23.4572299+00:00","False"
"Luxury Online Silkroad","","CAP 100","CH","Rates unknown","Bot policy unknown","","https://srotr.com/konular/luxury-online-silkroad-100-cap-chinese-only-long-term-server-open-market-grand-opening-03-04-26.1690/","2026-09-30T22:08:44.3006832+00:00","False"
"Valthera Online Silkroad","","CAP 100","CH","Rates unknown","Bot policy unknown","","https://srotr.com/konular/valthera-online-silkroad-equalized-system-100-cap-only-ch-drop-boxsystem-g-o-03-04-2026.1689/","2026-09-30T22:08:44.3007225+00:00","False"
"JSON Online Silkroad","","CAP 120","CH + EU","Rates unknown","Bot policy unknown","","https://srotr.com/konular/json-online-silkroad-120-cap-eu-ch-emek-server-item-kirdirma-system-drop-box-system-job-system-full-activite-g-o-27-03-2026.1688/","2026-09-30T22:08:44.3007698+00:00","False"
"Arc Online Silkroad I 100 Cap Only Chinese I Dungeon - Drop System I Grand Opening : 03.04.2026","","CAP 100","CH","Rates unknown","Bot policy unknown","","https://srotr.com/konular/arc-online-silkroad-i-100-cap-only-chinese-i-dungeon-drop-system-i-grand-opening-03-04-2026.1687/","2026-09-30T22:08:44.3008136+00:00","False"
"Velorium Online Silkroad","","CAP 120","CH + EU","Rates unknown","Bot policy unknown","","https://srotr.com/konular/velorium-online-silkroad-120-cap-eu-chn-free-silk-drop-system-kervan-odakli-play2win-ozel-uniqueler-l-grandopening-03-04-2026.1686/","2026-09-30T22:08:44.3008662+00:00","False"
"Orvion Online","","CAP 110","CH + EU","Rates unknown","Bot policy unknown","","https://srotr.com/konular/orvion-online-110-cap-ch-eu-job-based-drop-system-beta-23-03-2026-grandopening-27-03-2026.1678/","2026-09-30T22:08:44.3009076+00:00","False"
"REXSRO 80 CAP","","CAP 80","CH","Rates unknown","Bot policy unknown","","https://srotr.com/konular/rexsro-80-cap-only-ch-hard-emek-4-ayinda-yenilenen-sistem-11-kisilik-profesyonel-yayinci-kadrosu-l-grandopen-27-03-2026.1675/","2026-09-30T22:08:44.3009963+00:00","False"
"Ravion Online - MacroBot","","CAP 90","CH","1x","Bot policy unknown","","https://srotr.com/konular/ravion-online-macrobot-90-cap-chinese-old-school-1x-rate-silk-stall-grandopening-27-03-2026.1674/","2026-09-30T22:08:44.3010393+00:00","False"
"Daxi Online","","CAP 80","CH","Rates unknown","Macro","","https://srotr.com/konular/daxi-online-80-cap-ch-uzun-soluklu-macro-bot-aktivite-sistemi-hard-rate-g-o-4-nisan.1667/ | https://mt2.org/konu/daxi-online-80-cap-ch-uzun-soluklu-macro-bot-aktivite-sistemi-hard-rate-g-o-4-nisan.6309/","2026-10-01T08:56:05.1212056+00:00","False"
"! Old-Legend 80 CAP CH","","CAP 80","CH","Rates unknown","Bot policy unknown","","https://srotr.com/konular/old-legend-80-cap-ch-ilk-1-000-kayita-premium-devil-hediye-ozel-ninjaguard-g-o-06-mart.1655/","2026-09-30T22:08:44.3011617+00:00","False"
"Greece Online l Cap 110 l CH / EU l Old School l Hard Rates l Equalized l Beta 16/1 l Grand 23/01","","CAP 110","CH + EU","Rates unknown","Bot policy unknown","","https://srotr.com/konular/greece-online-l-cap-110-l-ch-eu-l-old-school-l-hard-rates-l-equalized-l-beta-16-1-l-grand-23-01.1615/","2026-09-30T22:08:44.3012332+00:00","False"
"Valth Online 110 CAP / ORTA EMEK / A GRADE SISTEM / BETA: 02.03.2026 GRAND: 06.03.2026","","CAP 110","Race unknown","Rates unknown","Bot policy unknown","","https://srotr.com/konular/valth-online-110-cap-orta-emek-a-grade-sistem-beta-02-03-2026-grand-06-03-2026.1647/","2026-09-30T22:08:45.5281824+00:00","False"
"Story Classic","","CAP 105","CH","Rates unknown","Bot policy unknown","","https://srotr.com/konular/story-classic-makro-cap-105-sadece-ch-uzun-vadeli-buyuk-acilis-13-mart.141/ | https://joymaxsro.net/thread/4210/story-classic-makro-cap-105-sadece-ch-uzun-vadeli-b-y-k-a-l-13-mart","2026-09-30T22:09:25.7734168+00:00","False"
"RevoGame","","CAP 120","CH + EU","Rates unknown","Bot policy unknown","","https://srotr.com/konular/revogame-120-cap-eu-ch-long-term-drop-system-real-cash-system-grand-opening-13-03-2026.1660/","2026-09-30T22:08:45.5283775+00:00","False"
"Esenler Online","","CAP 110","CH + EU","Rates unknown","Bot policy unknown","","https://srotr.com/konular/esenler-online-110-cap-eu-ch-drop-system-play2win-beta-06-03-grand-13-03.1646/","2026-09-30T22:08:45.5286393+00:00","False"
"Cycle Online","","CAP 120","CH + EU","Rates unknown","Bot policy unknown","","https://srotr.com/konular/cycle-online-120-cap-eu-ch-sade-sistem-emek-server-silk-system-ovh-maxiguard-g-o-20-02-2026.1639/","2026-09-30T22:08:45.5287220+00:00","False"
"JustGame 90Cap l MacroBot l Live Support System l Only-CH l Coin System l OldSchool l GrandOpen: 20.","","CAP 90","CH","Rates unknown","Bot policy unknown","","https://srotr.com/konular/justgame-90cap-l-macrobot-l-live-support-system-l-only-ch-l-coin-system-l-oldschool-l-grandopen-20-02-2026.1628/ | https://srotr.com/konular/justgame-90cap-l-macrobot-l-live-support-system-l-only-ch-l-coin-system-l-oldschool-l-grandopen-20-02-2026.1627/","2026-09-30T22:09:03.6614542+00:00","False"
"Prime Online I100 CAP Only Chinese I 1x Rate I Emek Server I Drop System I Long Term I Beta - 23.02.","","CAP ?","CH","1x","Bot policy unknown","","https://srotr.com/konular/prime-online-i100-cap-only-chinese-i-1x-rate-i-emek-server-i-drop-system-i-long-term-i-beta-23-02-2026-i-opening-27-02-2026.1638/","2026-09-30T22:08:45.5288814+00:00","False"
"KUTROAD","","CAP 110","Race unknown","Rates unknown","Bot policy unknown","","https://srotr.com/konular/kutroad-110-cap-silk-system-coin-system-o-emek-server-pay-yok-uzun-sureli.477/","2026-09-30T22:08:46.7207627+00:00","False"
"Copper Onlıne Season Iı","","CAP 80","CH","1X","Bot policy unknown","","https://srotr.com/konular/copper-online-season-ii-80-cap-only-ch-1x-rate-old-school-beta-15-08-2025-buyuk-acilis-22-08-2025-21-00-gmt-3.981/","2026-09-30T22:08:46.7208280+00:00","False"
"Silkroad Genesis","https://silkroadgenesis.com/","CAP 80","CH","1x","Bot policy unknown","","https://silkroadportal.com/konular/silkroad-genesis-80cap-feel-2007s-01-05-2026-most-real-oldschool.2051/ | https://joymaxtr.com/konular/silkroad-genesis-80cap-feel-2007s-01-05-2026-most-real-oldschool.2396/","2026-09-30T22:09:43.9771878+00:00","False"
"KINGSROAD 125 CAP PERGE SERVER OPENS ON FRIDAY, MAY 22ND.","https://kingssro.com/","CAP 130","Race unknown","Rates unknown","Bot policy unknown","https://discord.gg/g6X3CBK9Qg","https://silkroadportal.com/konular/kingsroad-125-cap-perge-server-opens-on-friday-may-22nd.1844/","2026-09-30T22:09:10.7794946+00:00","False"
"[Medusa SRO Global]","https://medusa-sroglobal.com/","CAP 130","CH + EU","50x","Bot policy unknown","https://discord.gg/FkQNUZ6Cq","https://silkroadportal.com/konular/medusa-sro-global-cap-130-d14-ch-520-eu-260-play2win-free-silk.1190/","2026-09-30T22:09:12.0016195+00:00","False"
"ELDENROAD","","CAP 130","CH + EU","Rates unknown","Bot policy unknown","","https://silkroadportal.com/konular/eldenroad-cap-130-degree-14-ch-eu-new-unique-new-buff-new-devil-40-pve-pvp-new-system.1055/","2026-09-30T22:08:58.7100221+00:00","False"
"RSilkroad Season 2025","","CAP 110","Race unknown","Rates unknown","Bot policy unknown","","https://silkroadportal.com/konular/rsilkroad-season-2025-110-cap-i-open-market-i-silk-system-i-long-term-i-more-fun-110-cap-i-go-21-11-2025.40/","2026-09-30T22:08:58.7101398+00:00","False"
"💥Sro Map 110 - ASIA - EU 💥Open 13h - 28-1-26 💥Quyết Chiến Thế Giới Lãng Quên💥","http://srovuonggia.online/","CAP 110","EU","x2","Bot policy unknown","","https://sro360.com/threads/sro-map-110-asia-eu-open-13h-28-1-26-quyet-chien-the-gioi-lang-quen.184/","2026-09-30T22:09:06.0430729+00:00","False"
"HUYENTHOAISRO.COM MAP 120 ONLY ASI - Open 13h 18/01/2025 ! Tổng giải thưởng 10.000.000 VND !!! Sever","http://huyenthoaisro.com/","CAP 120","Race unknown","x2","Bot policy unknown","","https://sro360.com/threads/huyenthoaisro-com-map-120-only-asi-open-13h-18-01-2025-tong-giai-thuong-10-000-000-vnd-sever-free-f10-quai-tum-cuc-de-choi.183/","2026-09-30T22:09:07.5058020+00:00","False"
"🔥 SRO HUYẾT CHIẾN","","CAP 110","EU","EXP: X20","Bot policy unknown","","https://sro360.com/threads/sro-huyet-chien-map-110-asia-eu-ghost-0s-free-f10-son-d11-a-b-open-04-01-2026.156/","2026-09-30T22:09:08.4329380+00:00","False"
"𝗦𝗥𝗢 𝗚𝗢𝗦𝗧𝟭𝟮𝟬","http://gost120.online/","CAP 120","EU","x30","Bot policy unknown","","https://sro360.com/threads/sro-gost120-map-120-asi-eu-alphatest-1-9-open-7-9-2025-san-choi-chuan-muc-uy-tin-co-thu-silk.33/","2026-09-30T22:09:09.6407215+00:00","False"
"SRO NAM TƯỚC - MAP 110 - ĐUA TOP 20H NGÀY 06/09","http://www.sronamtuoc.com/","CAP 110","EU","RATE : X100","Bot policy unknown","","https://sro360.com/threads/sro-nam-tuoc-map-110-dua-top-20h-ngay-06-09.32/","2026-09-30T22:09:10.8191548+00:00","False"
"Sro Thổ Quỷ Máp 100 ASIA - EU Thời Tiền Sử 13h 30/08 Open","http://thoquysro.top/","CAP 100","EU","X1","Bot policy unknown","","https://sro360.com/threads/sro-tho-quy-map-100-asia-eu-thoi-tien-su-13h-30-08-open.31/","2026-09-30T22:09:12.0540625+00:00","False"
"AeSro120.com Asia Eu Map 120 Free Silk All","https://zalo.me/g/qrzfvf822","CAP 120","EU","EXP: x3","Bot policy unknown","","https://sro360.com/threads/aesro120-com-asia-eu-map-120-free-silk-all.30/","2026-09-30T22:09:13.2567141+00:00","False"
"HUYENTHOAISRO.ONLINE - MAP 120 EU & ASI - Map Jupiter đầy ký ức . Open 08/08/2025 !!!","http://huyenthoaisro.online/","CAP 120","EU","x200","Bot policy unknown","","https://sro360.com/threads/huyenthoaisro-online-map-120-eu-asi-map-jupiter-day-ky-uc-open-08-08-2025.29/","2026-09-30T22:09:14.4387449+00:00","False"
"SroFree120.Online - Map 120 EU và Asi - Free 100% - Chỉ bán buff vip 100k / tháng.","http://srofree120.online/","CAP 120","EU","x1","Bot policy unknown","","https://sro360.com/threads/srofree120-online-map-120-eu-va-asi-free-100-chi-ban-buff-vip-100k-thang.28/","2026-09-30T22:09:15.6573612+00:00","False"
"SILKROAD LEGEND MAP 120. FULL SET SUN D12 GZ+10 VK+12","http://silkroadlegend.com/","CAP 120","Race unknown","Rates unknown","Bot policy unknown","","https://sro360.com/threads/silkroad-legend-map-120-full-set-sun-d12-gz-10-vk-12.27/","2026-09-30T22:09:16.8645988+00:00","False"
"SROCAMTHUAT.ONLINE","http://srocamthuat.online/index2.php?mod=download","CAP 120","CH + EU","x250","Bot policy unknown","","https://sro360.com/threads/srocamthuat-online-new-d16-max-120-ngoai-hinh-sieu-dep.24/ | https://sro360.com/threads/srocamthuat-online-new-d16-max-120-ngoai-hinh-sieu-dep.26/","2026-09-30T22:09:18.0968383+00:00","False"
"GIAITRISRO.ONLINE MAP140 OPTEN 30/8 HTRO AE TẬN RĂNG KK","","CAP ?","Race unknown","Rates unknown","Bot policy unknown","","https://sro360.com/threads/giaitrisro-online-map140-opten-30-8-htro-ae-tan-rang-kk.25/","2026-09-30T22:09:02.3404673+00:00","False"
"HÀNH SRO – EU & ASIA – MAP 90 🔥 SEVER FARM CÀY CUỐC – TRADE 24/24 – FREE F10 🎯 SEVER NGUYÊN BẢN NH","","CAP ?","EU","Rates unknown","Bot policy unknown","","https://sro360.com/threads/hanh-sro-eu-asia-map-90-sever-farm-cay-cuoc-trade-24-24-free-f10-sever-nguyen-ban-nhu-vdc-2006-khong-ghost-xanh-chin-uy-tin.23/","2026-09-30T22:09:02.3405451+00:00","False"
"SroTruongAn.Com - Map 100 Only Asia - Gost 15s - Free F10 - Đua Tốp 20.000.000 vnđ - Alphatest : 13h","","CAP ?","Race unknown","Rates unknown","Bot policy unknown","","https://sro360.com/threads/srotruongan-com-map-100-only-asia-gost-15s-free-f10-dua-top-20-000-000-vnd-alphatest-13h-ngay-13-10-2025-openbeta-13h-ngay-19-10-2025.22/","2026-09-30T22:09:02.3406040+00:00","False"
"SROTRUONGAN.COM","","CAP ?","Race unknown","Rates unknown","Bot policy unknown","","https://sro360.com/threads/srotruongan-com-map-100-only-asia-he-thong-gost-15s-free-hp-mp-free-gift-silk.21/","2026-09-30T22:09:02.3406549+00:00","False"
"SROCAMTHUAT Silkroad Map 120 - Exp 250x - Drop 15% - CAP 120 Item D16 ONLY EU CH","","CAP 120","CH + EU","Exp 250x","Bot policy unknown","","https://sro360.com/threads/srocamthuat-silkroad-map-120-exp-250x-drop-15-cap-120-item-d16-only-eu-ch.20/","2026-09-30T22:09:02.3406893+00:00","False"
"Phoenix-Sro - Map 110 - Only Asia - Đua Top Nhận Tiền Mặt","","CAP ?","Race unknown","Rates unknown","Bot policy unknown","","https://sro360.com/threads/phoenix-sro-map-110-only-asia-dua-top-nhan-tien-mat.19/","2026-09-30T22:09:02.3407327+00:00","False"
"Update Map 85 Sro Thái Dương","","CAP ?","Race unknown","Rates unknown","Bot policy unknown","","https://sro360.com/threads/update-map-85-sro-thai-duong.18/","2026-09-30T22:09:02.3407596+00:00","False"
"SroXua.Top Máp 80 Chuẩn Nguyên bản không màu mè Only Asia 13h 25/10 Open","","CAP ?","Race unknown","Rates unknown","Bot policy unknown","","https://sro360.com/threads/sroxua-top-map-80-chuan-nguyen-ban-khong-mau-me-only-asia-13h-25-10-open.17/","2026-09-30T22:09:03.5480255+00:00","False"
"SROCAMTHUAT Silkroad Map 120 - Exp 150x - Drop 10% - CAP 120 Item D13 ONLY ASIA","","CAP 120","Race unknown","Exp 150x","Bot policy unknown","","https://sro360.com/threads/srocamthuat-silkroad-map-120-exp-150x-drop-10-cap-120-item-d13-only-asia.16/","2026-09-30T22:09:03.5481330+00:00","False"
"Sro Thần Thoại map 110 Only Asin-Open Beta: Chủ Nhật 10h ngày 9/11/2025-Đua Top Giải VND","","CAP ?","Race unknown","Rates unknown","Bot policy unknown","","https://sro360.com/threads/sro-than-thoai-map-110-only-asin-open-beta-chu-nhat-10h-ngay-9-11-2025-dua-top-giai-vnd.15/","2026-09-30T22:09:03.5481789+00:00","False"
"SROORION.NET Map 100 ASIAN Open 13h00 Ngày 07/09/2025 Chuẩn Đét Không Màu Mè Lòe Loẹt!","","CAP ?","Race unknown","Rates unknown","Bot policy unknown","","https://sro360.com/threads/sroorion-net-map-100-asian-open-13h00-ngay-07-09-2025-chuan-det-khong-mau-me-loe-loet.14/","2026-09-30T22:09:03.5482202+00:00","False"
"Sro Chiến Mã - Map 120 - EU & Asi - Fam Xu Đổi Silk","","CAP ?","EU","Rates unknown","Bot policy unknown","","https://sro360.com/threads/sro-chien-ma-map-120-eu-asi-fam-xu-doi-silk.13/","2026-09-30T22:09:03.5482555+00:00","False"
"Sro Việt Nam Map 100 Only Asian Gacha Tại Shop Sever Free HP MP 570 Đua Top 68tr VNĐ Test Event PVP","","CAP ?","Race unknown","Rates unknown","Bot policy unknown","","https://sro360.com/threads/sro-viet-nam-map-100-only-asian-gacha-tai-shop-sever-free-hp-mp-570-dua-top-68tr-vnd-test-event-pvp-gia-kim-thuat-test-nhan-ngay-10tr-vnd.12/","2026-09-30T22:09:03.5483120+00:00","False"
"SRO LEGEND","","CAP ?","Race unknown","Rates unknown","Bot policy unknown","","https://sro360.com/threads/sro-legend-map-100-120-nguyen-ban-vdc-cuc-chuan-free-silk-ho-tro-set-d8-6-ns-5-pet-1-acc-chinh-max-lv-di-job-event-duoc-luon.11/","2026-09-30T22:09:03.5483680+00:00","False"
"Sro Long Lân Máp 110 only ASI Ghost 0s","","CAP ?","Race unknown","Rates unknown","Bot policy unknown","","https://sro360.com/threads/sro-long-lan-map-110-only-asi-ghost-0s.10/","2026-09-30T22:09:03.5484077+00:00","False"
"HuyetAnhSro.com Map 09 Only Asia - Openbeta:Thứ 7 20h ngày 1/11 cày quốc chuẩn VDC","","CAP ?","Race unknown","Rates unknown","Bot policy unknown","","https://sro360.com/threads/huyetanhsro-com-map-09-only-asia-openbeta-thu-7-20h-ngay-1-11-cay-quoc-chuan-vdc.9/","2026-09-30T22:09:03.5484402+00:00","False"
"SONG TỬ - PHỤC DỰNG KÝ ỨC CẤP 100","","CAP ?","CH + EU","Rates unknown","Bot policy unknown","","https://sro360.com/threads/song-tu-phuc-dung-ky-uc-cap-100-eu-china-dua-top-30tr-may-chu-quoc-te-giftcode-tan-thu-ypkhuny80sn3.8/","2026-09-30T22:09:03.5484868+00:00","False"
"SROVOZ ONLINE MAP 100 - FREE SILK - ONLY ASIA","","CAP ?","Race unknown","Rates unknown","Bot policy unknown","","https://sro360.com/threads/srovoz-online-map-100-free-silk-only-asia.7/","2026-09-30T22:09:03.5485226+00:00","False"
"Máy Chủ Sro Kỳ Lân máp 90 Only Asia Thứ 7 06/09 Open","","CAP ?","Race unknown","Rates unknown","Bot policy unknown","","https://sro360.com/threads/may-chu-sro-ky-lan-map-90-only-asia-thu-7-06-09-open.6/","2026-09-30T22:09:03.5485507+00:00","False"
"SILKROAD -199X MAP 100 ONLY ASIAN. GIẢI THƯỞNG ĐUA TOP HƠN 40 TRIỆU ĐỒNG. OPEN 02/11/2025","","CAP ?","Race unknown","199X","Bot policy unknown","","https://sro360.com/threads/silkroad-199x-map-100-only-asian-giai-thuong-dua-top-hon-40-trieu-dong-open-02-11-2025.5/","2026-09-30T22:09:03.5485875+00:00","False"
"MAP 140 - FREE GZ VU KHI -VÀO CHƠI CÓ ĐỒ VIP LUÔN","","CAP ?","Race unknown","Rates unknown","Bot policy unknown","","https://sro360.com/threads/map-140-free-gz-vu-khi-vao-choi-co-do-vip-luon.4/","2026-09-30T22:09:03.5486178+00:00","False"
"Weose Online l 80Cap MacroBot Auto Equipment l SilkStall l Open Market l Only CH l Beta: 13.07.2026","","CAP 80","CH","Rates unknown","Bot policy unknown","","https://srotr.com/konular/weose-online-l-80cap-macrobot-auto-equipment-l-silkstall-l-open-market-l-only-ch-l-beta-13-07-2026-l-grand-17-07-2026.1940/ | https://joymaxtr.com/konular/weose-online-l-80cap-macrobot-auto-equipment-l-silkstall-l-open-market-l-only-ch-l-beta-13-07-2026-l-grand-17-07-2026.2421/","2026-09-30T22:09:23.3931994+00:00","False"
"YAMSRO-R WITH REBORN SYSTEM","","CAP 140","CH + EU","2x","Bot policy unknown","","https://srotr.com/konular/yamsro-r-with-reborn-system-isro-r-game-cap-140-free-silk-yamgames.1928/ | https://sroway.com/threads/yamsro-r-with-reborn-system-isro-r-game-cap-140-free-silk-yamgames.1193/","2026-09-30T22:09:14.7237932+00:00","False"
"Hitsro - Kings of Jangan l 100 Cap Only Ch l GrandOpening: 05.06.2026","","CAP 100","CH","Rates unknown","Bot policy unknown","","https://srotr.com/konular/hitsro-kings-of-jangan-l-100-cap-only-ch-l-grandopening-05-06-2026.1878/","2026-09-30T22:09:09.6902835+00:00","False"
"SeaSRO 110 Cap EU/CH Silkroad Online Server – Original iSRO System (Joymax)","","CAP 110","CH + EU","Rates unknown","Bot policy unknown","","https://srotr.com/konular/seasro-110-cap-eu-ch-silkroad-online-server-original-isro-system-joymax.1858/","2026-09-30T22:09:10.9090570+00:00","False"
"VentoR Silkroad ISRO-R","","CAP 90","CH + EU","Rates unknown","Macro","","https://srotr.com/konular/ventor-silkroad-isro-r-90-cap-eu-ch-cap-upgrade-macro-bot-beta-18-04-g-o-24-04.1721/","2026-09-30T22:09:14.5219339+00:00","False"
"KYZEN ONLINE SİLKROAD - CAP 80","","CAP 80","CH","Rates unknown","Bot policy unknown","","https://srotr.com/konular/kyzen-online-silkroad-cap-80-trijob-system-league-of-legends-5-000-prize-pool-chinese-only-beta-13-04-2026-go-17-04-2026.1728/","2026-09-30T22:09:16.9365561+00:00","False"
"Nova Reborn Silkroad Online","","CAP 110","Race unknown","Rates unknown","Bot policy unknown","","https://srotr.com/konular/nova-reborn-silkroad-online-110-cap-hard-rates-long-term-open-market-go-10-apr-join-now.1704/","2026-09-30T22:09:03.6611884+00:00","False"
"OldDays Silkraod","","CAP 40","Race unknown","Rates unknown","Macro","","https://srotr.com/konular/olddays-silkraod-40-cap-macro-bot-trijob-grandopening-01-05-2026.1692/","2026-09-30T22:09:03.6612433+00:00","False"
"RISE OF SILKROAD - CAP 100","","CAP 100","CH","2.5x","Bot policy unknown","","https://srotr.com/konular/rise-of-silkroad-cap-100-chinese-only-2-5x-exp-job-caravan-system-5-000-prize-pool-open-beta-30-01-2026-grand-open-06-02-2026.1531/","2026-09-30T22:09:03.6615175+00:00","False"
"ARCANIS ONLINE","","CAP 100","CH + EU","10x","Macro","","https://srotr.com/konular/arcanis-online-cap-100-eu-ch-macro-10x-rates-silk-stall-yutnori-beta-11-01-2026grand-opening-16-01-2025.1580/","2026-09-30T22:09:04.8430676+00:00","False"
"OASIS 2005 MACRO","","CAP 50","CH","Rates unknown","Macro","https://discord.gg/ymYBDMWt8n","https://sroway.com/threads/oasis-2005-macro-50-cap-ch-progressive-hard-rates-500-weekly-prize-25-09-2026.1339/","2026-09-30T22:09:18.2451001+00:00","False"
"Planetsro Online","","CAP 110","CH + EU","202X","Bot policy unknown","https://discord.gg/Tc9DvuqXAY","https://sroway.com/threads/planetsro-online-online-for-11-years-110-cap-labor-are-never-wasted-2015-202x.399/ | https://joymaxtr.com/konular/planetsro-online-online-for-9-years-free-silk-110-cap-labor-are-never-wasted-2015-202x.1417/","2026-09-30T22:09:48.8373926+00:00","False"
"Ultra Online","","CAP 80","CH","Rates unknown","Bot policy unknown","https://discord.gg/uyYarCwxj","https://sroway.com/threads/ultra-online-80-cap-ch-only-pve-long-term-drop-system-08-dg-sos-moon-beta-21-09-2026-21-00-grand-25-09-2026-21-00.1329/ | https://joymaxtr.com/konular/ultra-online-80-cap-ch-only-emek-server-drop-system-08-dg-sos-moon-beta-21-09-2026-21-00-grand-25-09-2026-21-00.2467/ | https://www.vsro.org/konular/ultra-online-80-cap-ch-only-emek-server-drop-system-08-dg-sos-moon-beta-21-09-2026-grand-25-09-2026-21-00.19131/","2026-09-30T22:09:23.0900348+00:00","False"
"SroAge 110 Cap Malazgirt / ip-pc 10 / Open Market! Grand Open: 02.10.2026","","CAP 110","Race unknown","Rates unknown","Bot policy unknown","https://discord.gg/sroage110cap","https://sroway.com/threads/sroage-110-cap-malazgirt-ip-pc-10-open-market-grand-open-02-10-2026.1342/","2026-09-30T22:09:26.7126999+00:00","False"
"Xavor Online","https://play-xavorsilkroad.online/","CAP 80","CH","Rates unknown","Macro","https://discord.gg/FN7ZZuqjPG","https://sroway.com/threads/xavor-online-only-macro-pve-80-cap-ch-hard-rate-beta-05-10-2026-grand-opening-09-10-2026.1346/ | https://joymaxtr.com/konular/xavor-online-only-macro-pve-80-cap-ch-hard-rate-beta-05-10-2026-grand-opening-09-10-2026.2487/","2026-09-30T22:09:31.8626752+00:00","False"
"Crystal Road","","CAP 110","CH + EU","Rates unknown","Bot policy unknown","","https://sroway.com/threads/crystal-road-110-cap-eu-ch-440-220-grand-opening-01-11-2026.1345/","2026-09-30T22:09:14.7235356+00:00","False"
"Rexall80.Online","","CAP 80","CH + EU","Rates unknown","Bot policy unknown","","https://sroway.com/threads/rexall80-online-cap-80-ch-eu-new-old-school-g-o-18-09-2026.1217/","2026-09-30T22:09:14.7236375+00:00","False"
"Rome Silkroad","","CAP 110","CH + EU","5x","Bot policy unknown","","https://sroway.com/threads/rome-silkroad-110-cap-eu-ch-long-term-5x-rate-original-balanced-beta-04-09-grand-opening-11-09-2026.1309/","2026-09-30T22:09:14.7237560+00:00","False"
"SUMMER ONLINE 110 CAP EU/CH","","CAP 110","CH + EU","Rates unknown","Macro","","https://sroway.com/threads/summer-online-110-cap-eu-ch-macro-dual-season-system-server-dungeon-10-000-pool-grand-open-11-september-2026.1327/","2026-09-30T22:09:14.7239328+00:00","False"
"JUST 80 Cap - 1x - IP/PC 1 - Drop System - 10 AUGUST","https://justsilkroad.online/","CAP 80","Race unknown","1x","Bot policy unknown","https://discord.gg/2K5WZG4G9G","https://sroway.com/threads/just-80-cap-1x-ip-pc-1-drop-system-10-august.1218/ | https://joymaxtr.com/konular/just-80-cap-1x-ip-pc-1-drop-system-10-august.2441/","2026-09-30T22:10:01.1111695+00:00","False"
"120 CAP 13 D PVP SERVER HERŞEY ÜCRETSİZ 21.08.2026 20:00 AGASRO","","CAP 120","Race unknown","Rates unknown","Bot policy unknown","","https://sroway.com/threads/120-cap-13-d-pvp-server-hersey-ucretsiz-21-08-2026-20-00-agasro.1295/","2026-09-30T22:09:15.8151528+00:00","False"
"Ancient Online – 80 Cap","","CAP 80","CH","1x","Bot policy unknown","","https://sroway.com/threads/ancient-online-80-cap-only-chinese-1x-rates-drop-system-daily-unique-quests-old-school-go-14-08-2026.1093/","2026-09-30T22:09:15.8152730+00:00","False"
"Troy2007 I 80 CAP CH I HARD RATES I QUEST SYSTEM I MOON DROP I LEAGUE OF LEGEND I 21.08.2026 ONLINE","","CAP 80","CH","Rates unknown","Bot policy unknown","","https://sroway.com/threads/troy2007-i-80-cap-ch-i-hard-rates-i-quest-system-i-moon-drop-i-league-of-legend-i-21-08-2026-online.1291/","2026-09-30T22:09:15.8153671+00:00","False"
"EASTER ONLİNE 100 CAP CHİN i-SRO FİLES NO WHEEL OLD CARAVAN BETA 14.08 GRAND 21.08","","CAP 100","Race unknown","Rates unknown","Bot policy unknown","","https://sroway.com/threads/easter-online-100-cap-chin-i-sro-files-no-wheel-old-caravan-beta-14-08-grand-21-08.1222/","2026-09-30T22:09:15.8154089+00:00","False"
"ANTUSA ONLINE","","CAP 120","CH + EU","Rates unknown","Bot policy unknown","","https://sroway.com/threads/antusa-online-120-cap-eu-ch-1-gold-free-silk-full-pvp-server-4-year-online-1000-user.1223/","2026-09-30T22:09:15.8155013+00:00","False"
"Aeternitas Online","","CAP 70","CH + EU","Rates unknown","No bots","","https://sroway.com/threads/aeternitas-online-cap-70-update-19-06-26-no-bot-eu-ch-no-p2w.1146/","2026-09-30T22:09:15.8155514+00:00","False"
"JSRO Jurea","","CAP 80","EU","Rates unknown","Bot policy unknown","","https://sroway.com/threads/jsro-jurea-80-cap-only-eu-long-term-coin-system-full-activity-1500-online.1034/","2026-09-30T22:09:15.8156002+00:00","False"
"VORIX MACRO","","CAP 90","CH","Rates unknown","Macro","","https://sroway.com/threads/vorix-macro-90-cap-ch-mid-rates-best-server-of-2026-summer-14-08-2026.1226/","2026-09-30T22:09:15.8156937+00:00","False"
"Jadeway","","CAP 80","Race unknown","20x","Bot policy unknown","","https://sroway.com/threads/jadeway-play-on-your-browser-80-cap-20x-rates-closed-beta-live.1209/","2026-09-30T22:09:15.8158479+00:00","False"
"Rexall Online","","CAP 110","CH","Rates unknown","Bot policy unknown","","https://sroway.com/threads/rexall-online-cap-110-awaken-system-old-school-ch-balance.278/","2026-09-30T22:09:16.9983675+00:00","False"
"Special Starter Pack for Newcomers","","CAP 120","Race unknown","Rates unknown","Bot policy unknown","","https://sroway.com/threads/special-starter-pack-for-newcomers-2-000-players-online-nemesis-silkroad-cap-120.1190/","2026-09-30T22:09:16.9984963+00:00","False"
"Kessap Online","","CAP 80","CH","Rates unknown","Bot policy unknown","","https://sroway.com/threads/kessap-online-80-cap-only-ch-new-event-job-based-beta-05-08-2026-grand-opening-07-08-2026.1211/ | https://joymaxtr.com/konular/kessap-online-80-cap-only-ch-new-event-job-based-beta-05-08-2026-grand-opening-07-08-2026.2429/","2026-09-30T22:09:23.3929937+00:00","False"
"SummerTimes MACRO- CAP 80 CH","","CAP 80","CH","Rates unknown","Macro","","https://sroway.com/threads/summertimes-macro-cap-80-ch-drop-system-immortal-only-gold-24-07-26.1204/","2026-09-30T22:09:16.9985839+00:00","False"
"FLYSRO 2. SEZON 120 Cap","","CAP 120","Race unknown","Rates unknown","Bot policy unknown","","https://sroway.com/threads/flysro-2-sezon-120-cap-emek-uzun-soluklu-12-dg-moon-sun-system-g-o-08-05-2026.962/","2026-09-30T22:09:16.9988036+00:00","False"
"RSilkroad l 110 Cap","","CAP 110","Race unknown","Rates unknown","Bot policy unknown","","https://sroway.com/threads/rsilkroad-l-110-cap-season-2026-long-term-trade-job-fun-l-g-o-03-04-2026.1134/","2026-09-30T22:09:16.9988409+00:00","False"
"Erios Online","https://play-erios.com/","CAP 105","CH","Rates unknown","Bot policy unknown","https://discord.gg/xmhAAnSnhH","https://joymaxtr.com/konular/erios-online-cap-105-ch-marco-bot-acik-pazar-beta-25-09-g-o-02-10.2484/","2026-09-30T22:09:29.9391599+00:00","False"
"Holigan Online","https://www.hizliresim.com/kbcoapx","CAP 120","Race unknown","Rates unknown","Bot policy unknown","https://discord.gg/jzHVAamXj","https://joymaxtr.com/konular/holigan-online-120-cap-emek-server-free-silk-coin-system-job-system-lig-system-fgw-auto-event-grand-02-10-2026.2482/","2026-09-30T22:09:30.6287316+00:00","False"
"Clover Online","https://srocave.com/redirect?to=aHR0cHM6Ly9kaXNjb3JkLmdnL2JnSFNhOHpjTno=","CAP 110","CH + EU","Rates unknown","Bot policy unknown","","https://joymaxtr.com/konular/clover-online-110-cap-eu-ch-box-system-classical-job-cave-grand-opening-comingsoon.2483/","2026-09-30T22:09:34.1502146+00:00","False"
"Storm Online","https://stormsro.com/","CAP 120","Race unknown","Rates unknown","Bot policy unknown","https://discord.gg/pUhYcV5nV6","https://joymaxtr.com/konular/storm-online-120-cap-13dg-silk-system-play2win-drop-box-upgrade-grand-opening-11-09-2026.2434/","2026-09-30T22:09:35.8547289+00:00","False"
"JollyGame Bahamut","http://jollygame.com.tr/","CAP ?","Race unknown","Rates unknown","Bot policy unknown","https://discord.gg/pEdQwsM8Nj | https://discord.gg/TVqjSMtSbr | https://discord.gg/JollyGame","https://joymaxtr.com/konular/jollygame-bahamut-eski-ruh-yeni-macera-yeni-yaraticilarindan-500-000-tl-oeduel-havuzu-beta-bu-aksam-saat-20-00de-aciliyor-grand-acilis-07.2437/ | https://joymaxtr.com/konular/jollygame-bahamut-old-school-new-adventure-10-000-prize-pool-beta-01-08-grand-07-08.2439/","2026-09-30T22:10:02.0182761+00:00","False"
"Elamidas-Earnest Innovation","https://elamidas.online/","CAP ?","Race unknown","Rates unknown","Bot policy unknown","https://discord.gg/fZqzZqwEc","https://joymaxtr.com/konular/elamidas-earnest-innovation-10d-auto-events-dungeons-long-term-jobbing-30-10-2026.2443/","2026-09-30T22:09:42.7115839+00:00","False"
"JoymaxTR - Reklam Ücretleri - Price List","","CAP ?","Race unknown","Rates unknown","Bot policy unknown","","https://joymaxtr.com/konular/joymaxtr-reklam-uecretleri-price-list.239/","2026-09-30T22:09:21.0071261+00:00","False"
"JoymaxTR Malazgirt","","CAP 90","CH + EU","Rates unknown","Bot policy unknown","","https://joymaxtr.com/konular/joymaxtr-malazgirt-90-cap-ch-eu-old-school-joypass-daily-rewards-monster-dungeon-play2win-system-beta-08-03-grand-15-03-2024.1269/","2026-09-30T22:09:21.0071609+00:00","False"
"JoymaxTR Online","","CAP ?","Race unknown","Rates unknown","Bot policy unknown","","https://joymaxtr.com/konular/joymaxtr-online-bu-kis-aciliyor-ankete-katil-en-sevdigin-cap-sec-ve-bu-kis-bueyuek-macerada-sende-yerini-al-coming-soon.976/","2026-09-30T22:09:21.0072056+00:00","False"
"Planetsro","","CAP 110","Race unknown","Rates unknown","Bot policy unknown","","https://joymaxtr.com/konular/planetsro-110-cap-free-silk-11-senedir-online-fw-i-pvp-i-unique-i-emekler-hic-bir-zaman-bosa-gitmez.1416/ | https://www.vsro.org/konular/planetsro-110-cap-free-silk-11-senedir-online-fw-i-pvp-i-unique-i-emekler-hic-bir-zaman-bosa-gitmez.14959/ | https://mt2.org/konu/planetsro-110-cap-free-silk-10-senedir-online-fw-i-pvp-i-unique-i-emekler-hic-bir-zaman-bosa-gitmez.5487/","2026-10-01T08:55:46.1487671+00:00","False"
"Azteca Online","","CAP 90","CH","Rates unknown","Bot policy unknown","","https://joymaxtr.com/konular/azteca-online-90-cap-only-china-grand-open-02-10-2026.2489/","2026-09-30T22:09:21.0073885+00:00","False"
"UniqSRO","","CAP 120","CH + EU","Rates unknown","Macro","","https://joymaxtr.com/konular/uniqsro-120-cap-eu-chn-free2play-o-macro-o-unique-system-grand-open-10-10-26-saat-22-00.2464/","2026-09-30T22:09:21.0074593+00:00","False"
"Nargo Online","","CAP 120","CH + EU","Rates unknown","Bot policy unknown","","https://joymaxtr.com/konular/nargo-online-120-cap-12d-eu-ch-oldschool-upgrade-system-drop-box-system-silk-system-grand-opening-16-10-2026.2477/ | https://www.vsro.org/konular/nargo-online-120-cap-12d-eu-ch-oldschool-upgrade-system-drop-box-system-grand-opening-16-10-2026.19216/","2026-09-30T22:09:21.0075498+00:00","False"
"JibekRoad Online","","CAP 80","CH","Rates unknown","Bot policy unknown","","https://joymaxtr.com/konular/jibekroad-online-80-cap-chinese-oezel-etkinlikler-dereceli-elo-uzun-oemuerlue-bueyuek-acilis-4-eyluel-300-online.2446/","2026-09-30T22:09:21.0076792+00:00","False"
"[90 Cap] WhiteSand SRO","","CAP 90","CH + EU","5x","Bot policy unknown","","https://joymaxtr.com/konular/90-cap-whitesand-sro-ch-eu-5x-rates-play2win-grand-opening-15-09-2026.2470/","2026-09-30T22:09:21.0077124+00:00","False"
"Elysia Online","","CAP 120","CH + EU","Rates unknown","Bot policy unknown","","https://joymaxtr.com/konular/elysia-online-120-cap-eu-ch-silk-system-drop-system-13dg-nova-sun-grand-11-09-2026-21-00.2468/","2026-09-30T22:09:21.0077807+00:00","False"
"GODTRAİLER SRO 120 CAP AÇILIYOR AÇILIŞ 06.09.26 20:00 PAZAR","","CAP 120","Race unknown","Rates unknown","Bot policy unknown","","https://joymaxtr.com/konular/godtrailer-sro-120-cap-aciliyor-acilis-06-09-26-20-00-pazar.2466/","2026-09-30T22:09:21.0078069+00:00","False"
"TREND OF SRO GAMING 120 CAP PVP SERVER l AÇILIŞA SON 24 SAAT KALDI l REGİSTER USER 2049+ l HEMEN DEN","","CAP 120","Race unknown","Rates unknown","Bot policy unknown","","https://joymaxtr.com/konular/trend-of-sro-gaming-120-cap-pvp-server-l-acilisa-son-24-saat-kaldi-l-register-user-2049-l-hemen-dene-gec-kalma.2456/","2026-09-30T22:09:21.0078430+00:00","False"
"JoySro (Hazar)","","CAP 125","CH + EU","Rates unknown","Bot policy unknown","","https://joymaxtr.com/konular/joysro-hazar-125-cap-eu-ch-en-uzun-suereli-private-sunucu-tanitim-konusu.1991/ | https://joymaxsro.net/thread/3958/joysro-hazar-125-cap-euch-tanitim-konusu-27062025","2026-09-30T22:09:30.6198277+00:00","False"
"04.09.2026 / RawSro 120 cap Büyük açılış / Aweken- FGW- JOB CAVE System/ EU-CH JOB SISTEM","","CAP 120","CH + EU","Rates unknown","Bot policy unknown","","https://joymaxtr.com/konular/04-09-2026-rawsro-120-cap-bueyuek-acilis-aweken-fgw-job-cave-system-eu-ch-job-sistem.2448/","2026-09-30T22:09:22.2927694+00:00","False"
"🔥 REGAL SRO 2. SEZON AÇILDI! 120 CAP","","CAP 120","Race unknown","Rates unknown","Bot policy unknown","","https://joymaxtr.com/konular/regal-sro-2-sezon-acildi-120-cap-job-system-5000-aktif-oyuncu-hemen-katil.2406/","2026-09-30T22:09:22.2929578+00:00","False"
"Nexora Online","","CAP 110","Race unknown","Rates unknown","Macro","","https://joymaxtr.com/konular/nexora-online-macro-system-110-cap-silk-drop-system-job-based-full-activity-grand-open-28-08-2026.2460/","2026-09-30T22:09:22.2930585+00:00","False"
"⚔️ +300 ONLINE! UNIQ AVCILARI, SAVAŞ BAŞLADI! ⚔️🌐 UNIQSRO.COM","","CAP ?","Race unknown","Rates unknown","Bot policy unknown","","https://joymaxtr.com/konular/300-online-uniq-avcilari-savas-basladi-uniqsro-com.2457/","2026-09-30T22:09:22.2932162+00:00","False"
"AGASRO 120 CAP 13DG PVP SYSTEM FREE SERVER 21.08.2026 20:00 START","","CAP 120","Race unknown","Rates unknown","Bot policy unknown","","https://joymaxtr.com/konular/agasro-120-cap-13dg-pvp-system-free-server-21-08-2026-20-00-start.2453/","2026-09-30T22:09:22.2932404+00:00","False"
"PARDUS ONLİNE 120 CAP ORTA EMEK SERVER AÇILIŞ: 10.07.2026 CUMA SAAT: 21:00 SEN YOKSAN BİR KİŞİ EKSİĞ","","CAP 120","Race unknown","Rates unknown","Bot policy unknown","","https://joymaxtr.com/konular/pardus-online-120-cap-orta-emek-server-acilis-10-07-2026-cuma-saat-21-00-sen-yoksan-bir-kisi-eksigiz.2423/","2026-09-30T22:09:22.2934488+00:00","False"
"Cela Online","","CAP 120","CH + EU","Rates unknown","Bot policy unknown","","https://joymaxtr.com/konular/cela-online-120-cap-ch-eu-beta-25-07-31-grand-opening-31-07-2026-pvp-server-1-gold-full.2436/","2026-09-30T22:09:22.2934815+00:00","False"
"iSRO Online I 40 Cap Only Chinese I iSRO-R Venefica Dungeon I Beta : 13.07.2026 I Opening : 17.07.20","","CAP 40","CH","Rates unknown","Bot policy unknown","","https://joymaxtr.com/konular/isro-online-i-40-cap-only-chinese-i-isro-r-venefica-dungeon-i-beta-13-07-2026-i-opening-17-07-2026.2005/","2026-09-30T22:09:23.3930980+00:00","False"
"Güzel Ajans 🚀","","CAP ?","Race unknown","Rates unknown","Bot policy unknown","","https://joymaxtr.com/konular/guezel-ajans-amd-epyc-9555-ddr5-guecue-joymaxtrye-oezel-25-indirim-gapanel-hediyesi-7-guen-test.2424/","2026-09-30T22:09:23.3931372+00:00","False"
"OZSRO","","CAP 90 / 110","CH / CH + EU","Rates unknown","Macro","","https://joymaxtr.com/konular/ozsro-90-cap-ch-isror-files-old-mastery-14-07-2026.2419/ | https://www.vsro.org/konular/ozsro-110-cap-eu-ch-isror-system-macro-bot-klasik-silkroad-deneyimi.18903/","2026-09-30T22:11:08.0070759+00:00","False"
"Memphis Online","","CAP 80","CH","Rates unknown","Bot policy unknown","","https://joymaxtr.com/konular/memphis-online-80-cap-only-ch-beta-20-07-2026-grand-24-07-2026-drop-system-new-dungeon.2403/","2026-09-30T22:09:23.3933647+00:00","False"
"Syhnex Online Season 2","","CAP 120","CH + EU","Rates unknown","Bot policy unknown","","https://joymaxtr.com/konular/syhnex-online-season-2-120-cap-europe-chinese-upgrade-system-long-term-g-o-26-06-2026.2412/","2026-09-30T22:09:23.3934049+00:00","False"
"BubiGames","","CAP 110","CH + EU","Rates unknown","Bot policy unknown","","https://joymaxtr.com/konular/bubigames-110-cap-eu-ch-play2win-all-dungeons-special-features-total-reward-100-000tl-grand-open-19-haziran-21-00.2386/ | https://joymaxtr.com/konular/bubigames-110-cap-eu-ch-play2win-all-dungeons-daily-10-discord-giveaway-gran-open-19-haziran-grand-prize-100-000-real-tl.2408/","2026-09-30T22:09:43.9770985+00:00","False"
"RessurectionSro","","CAP 120","CH + EU","Rates unknown","Bot policy unknown","","https://joymaxtr.com/konular/ressurectionsro-beta-29-05-2026-bueyuek-acilis-05-06-2026-120-cap-eu-ch-awaken-system-new-vip-honor-system-trsro-skill-effect.2376/","2026-09-30T22:09:23.3935177+00:00","False"
"FLYSRO 2. SEZON","","CAP 120","Race unknown","Rates unknown","Bot policy unknown","","https://joymaxtr.com/konular/flysro-2-sezon-1500-online-120-cap-emek-uzun-soluklu-12dg-moon-sun-g-o-08-05-2026.1937/ | https://www.vsro.org/konular/flysro-2-sezon-1500-online-120-cap-emek-uzun-soluklu-12dg-moon-sun-g-o-08-05-2026.14100/","2026-09-30T22:09:23.3935532+00:00","False"
"Victoria Rohan 140 Cap iSro-R Server","","CAP 140","Race unknown","Rates unknown","Bot policy unknown","","https://joymaxtr.com/konular/victoria-rohan-140-cap-isro-r-server-wheel-pet-job-set-system-140-cap-upgrade-05-06-2026.2100/ | https://www.vsro.org/konular/victoria-rohan-140-cap-isro-r-server-wheel-pet-job-set-system-140-cap-upgrade-05-06-2026.18515/","2026-09-30T22:10:12.1038885+00:00","False"
"Thor 80 Cap CH","","CAP 80","CH","Rates unknown","Bot policy unknown","","https://joymaxtr.com/konular/thor-80-cap-ch-drop-system-old-school-dungeon-beta-13-07-2026-grand-17-07-2026-fortress-500.2405/","2026-09-30T22:09:24.6659805+00:00","False"
"Velorix Online","","CAP 120","CH + EU","Rates unknown","Bot policy unknown","","https://joymaxtr.com/konular/velorix-online-120-cap-eu-ch-coin-system-free-silk-full-etkinlik-event-beta-29-05-2026-g-o-05-06-2026.2377/","2026-09-30T22:09:24.6660520+00:00","False"
"Rebels Online 120 Cap - 13 Degree - Free Silk - Long Term - Play2Win - 10 Nisan 2026 20:00","","CAP 120","Race unknown","Rates unknown","Bot policy unknown","","https://joymaxtr.com/konular/rebels-online-120-cap-13-degree-free-silk-long-term-play2win-10-nisan-2026-20-00.2311/","2026-09-30T22:09:24.6662553+00:00","False"
"KingsRoad","","CAP 125","Race unknown","Rates unknown","Macro","","https://joymaxtr.com/konular/kingsroad-125-cap-perge-sunucusu-original-system-macro-bot-isro-features-bueyuek-acilis-22-mayis-cuma.2365/","2026-09-30T22:09:24.6663123+00:00","False"
"PSilkroad 40 Cap Avrupa & Çin","","CAP 40","Race unknown","Rates unknown","Bot policy unknown","","https://joymaxtr.com/konular/psilkroad-40-cap-avrupa-cin-gercek-eski-okul-23-04-2026.2328/","2026-09-30T22:09:24.6665084+00:00","False"
"Vanilla Silkroad","","CAP 80","CH","Rates unknown","Bot policy unknown","","https://joymaxtr.com/konular/vanilla-silkroad-80-cap-ch-8-dg-job-system-old-school-drop-system-grand-opening-19-02-2026.2249/","2026-09-30T22:09:25.9577919+00:00","False"
"Golden Online","","CAP ?","CH","Rates unknown","Macro","","https://joymaxtr.com/konular/golden-online-80-ch-asamali-battle-of-league-macro-acilis-19-nisan.1310/","2026-09-30T22:09:25.9580832+00:00","False"
"League of Silkroad","","CAP 80","CH + EU","1x","Bot policy unknown","","https://joymaxtr.com/konular/league-of-silkroad-cap-80-eu-ch-1x-exp-rate-open-market-lol-event-go-26-09.2079/","2026-09-30T22:09:25.9581259+00:00","False"
"SilkWorld ZSZC","","CAP 105","Race unknown","Rates unknown","Bot policy unknown","","https://joymaxtr.com/konular/silkworld-zszc-cap-105-acik-market-uzun-vadeli-orta-zorluk-bueyuek-acilis-26-eyluel.2084/","2026-09-30T22:09:25.9582030+00:00","False"
"HollyGame C-Sro","","CAP 100","CH","Rates unknown","Macro","","https://joymaxtr.com/konular/hollygame-c-sro-100-cap-macro-only-ch-100-000tl-oeduel-play-to-win-acilis-19-eyluel.2072/","2026-09-30T22:09:25.9582463+00:00","False"
"AETA Gaming Network","","CAP 85","CH","Rates unknown","Bot policy unknown","","https://joymaxtr.com/konular/aeta-gaming-network-pergamon-85cap-ch-job-unique-drop-fgw-and-tons-of-events-based-improved-systems-g-o-19-09-2025.2067/","2026-09-30T22:09:27.0540137+00:00","False"
"Pluto Online","","CAP 120 / 110 / 130","Race unknown","Rates unknown","Bot policy unknown","","https://joymaxtr.com/konular/pluto-online-120-cap-new-items-g-o-19-09-2025.2080/ | https://joymaxtr.com/konular/pluto-online-110-cap-drop-system-job-based-5000-prize-pool-14-11-25-beta-g-o-21-11-25-21-00.1085/ | https://mt2.org/konu/pluto-online-130-cap-85-dg-new-items-g-o-12-09-2025.5904/","2026-10-01T08:56:01.5100564+00:00","False"
"NeweR","","CAP 140","Race unknown","Rates unknown","Macro","","https://joymaxtr.com/konular/newer-140-cap-isro-r-27-10-2023den-beri-acik-yeni-17-dg-guencellemesi-new-macro-open-market.1948/","2026-09-30T22:09:27.0541435+00:00","False"
"Ruby Online","","CAP 110","CH","Rates unknown","Macro","","https://joymaxtr.com/konular/ruby-online-110-cap-chinese-only-isro-r-job-set-macro-enhanced-gameplay.2056/ | https://joymaxtr.com/konular/ruby-online-110-cap-chinese-only-isro-r-job-set-macro-enhanced-gameplay.2057/","2026-09-30T22:09:46.3657620+00:00","False"
"[Eylül] VipeSRO 80 Cap CH","","CAP 80","CH","Rates unknown","Bot policy unknown","","https://joymaxtr.com/konular/eyluel-vipesro-80-cap-ch-craft-o-unique-o-event-o-tri-job-o-custom-honor-rank-buffs-duesuek-rate-uzun-oemuer.2054/","2026-09-30T22:09:27.0542833+00:00","False"
"MYTHERİON ONLİNE","","CAP 60","CH","1X","No bots","","https://joymaxtr.com/konular/mytherion-online-60-cap-70-cap-upgrade-only-ch-non-bot-drop-system-long-term-old-scholl-1x-rate-update-25-07-tekil-300-online.1962/","2026-09-30T22:09:27.0543297+00:00","False"
"Legacy Online PVP","","CAP 110","CH + EU","Rates unknown","Bot policy unknown","","https://joymaxtr.com/konular/legacy-online-pvp-ch-eu-110-cap-pvp-pve-auto-110-coin-system-auto-events.1742/","2026-09-30T22:09:27.0543645+00:00","False"
"Ignition Online","","CAP 110","CH + EU","Rates unknown","Bot policy unknown","","https://joymaxtr.com/konular/ignition-online-open-market-cap-110-eu-ch-season-league-beta-11-07.2012/ | https://joymaxtr.com/konular/ignition-online-open-market-cap-110-eu-ch-season-league-beta-11-07.1828/","2026-09-30T22:09:28.2353569+00:00","False"
"DekanSRO","","CAP 110","Race unknown","Rates unknown","Bot policy unknown","","https://joymaxtr.com/konular/dekansro-110-cap-hard-rate-drop-system-dungeon-system-old-school-oeduel-havuzu-g-o-20-06-2025-ilk-gun-150-silk-hediye.1984/","2026-09-30T22:09:27.0544331+00:00","False"
"[NEW] Cyrus Flora","","CAP 90","CH","Rates unknown","Bot policy unknown","","https://joymaxtr.com/konular/new-cyrus-flora-isro-r-cap-90-ch-progressive-beta-20-6-2025-go-04-7-2025.1762/","2026-09-30T22:09:27.0544667+00:00","False"
"Holly Game","","CAP 110","CH + EU","Rates unknown","Bot policy unknown","","https://joymaxtr.com/konular/holly-game-110-cap-eu-chn-old-system-emek-server-job-cave-holy-water-fgw-kervan-honor-3500-player.1630/","2026-09-30T22:09:27.0545023+00:00","False"
"JadeSRO - MACRO","","CAP 90","CH","Rates unknown","Macro","","https://joymaxtr.com/konular/jadesro-macro-90-cap-only-ch-drop-system-old-school-400-000tl-oeduel-havuzu-opening-30-05-2025.1960/","2026-09-30T22:09:27.0545703+00:00","False"
"4500+ Online - SOLID ONLINE - CAP 80","","CAP 80","Race unknown","Rates unknown","Macro","","https://joymaxtr.com/konular/4500-online-solid-online-cap-80-macro-bot-drop-system-open-market-job-based-weekly-rewards-beta-03-05-go-09-05.1929/","2026-09-30T22:09:27.0546110+00:00","False"
"Antusa Online V2","","CAP 120","Race unknown","Rates unknown","Bot policy unknown","","https://joymaxtr.com/konular/antusa-online-v2-oyun-bomba-gibi-120-cap-pvp-tl-job-coin-system-itemler-1-gold-1500-player-pre-gb-1-gold-sorunsuz-devam-ediyor.1368/","2026-09-30T22:09:27.0546579+00:00","False"
"Silvanus Online","","CAP 110","CH + EU","Rates unknown","Bot policy unknown","","https://joymaxtr.com/konular/silvanus-online-pve-cap-110-ch-eu-medium-rates-play2win.1583/","2026-09-30T22:09:27.0546892+00:00","False"
"DreamWorld Silkroad - ZSZC","","CAP 105","CH","Rates unknown","Macro","","https://joymaxtr.com/konular/dreamworld-silkroad-zszc-105-cap-ch-only-macro-long-term-go-04-18-2025.1902/","2026-09-30T22:09:27.0547149+00:00","False"
"JoymaxTR Malazgirt Sezon 2","","CAP 110","CH + EU","Rates unknown","Bot policy unknown","","https://joymaxtr.com/konular/joymaxtr-malazgirt-sezon-2-110-cap-ch-eu-play2win-daily-rewards-dungeon-system-beta-03-03-2025-grand-07-03-2025.1851/","2026-09-30T22:09:27.0547511+00:00","False"
"Server Status · News · ECSRO Server · VIP ECSRO Server","","CAP ?","Race unknown","Rates unknown","Bot policy unknown","","https://joymaxtr.com/konular/server-status-news-ecsro-server-vip-ecsro-server.1880/","2026-09-30T22:09:28.2352654+00:00","False"
"HANAMI ONLINE","","CAP 120","Race unknown","Rates unknown","No bots","","https://joymaxtr.com/konular/hanami-online-120-cap-12-dg-isror-files-hybrid-job-true-non-bot-go-24-01.1760/ | https://joymaxtr.com/konular/hanami-online-120-cap-12-dg-isror-files-hybrid-job-true-non-bot-go-24-01.1752/","2026-09-30T22:09:47.5201082+00:00","False"
"Sailor Online: Persian Empire","","CAP 125","Race unknown","Rates unknown","Bot policy unknown","","https://joymaxtr.com/konular/sailor-online-persian-empire-yeni-sunucu-125-cap-en-guencel-isror-dosyalari-klasik-job-sistemi-13-aralik.1642/","2026-09-30T22:09:28.2354565+00:00","False"
"KGuardEDGE v8 Orijinal - En uzun süredir varlığını sürdüren filter hizmetinin en yeni jenerasyonu!","","CAP ?","Race unknown","Rates unknown","Bot policy unknown","","https://joymaxtr.com/konular/kguardedge-v8-orijinal-en-uzun-sueredir-varligini-suerdueren-filter-hizmetinin-en-yeni-jenerasyonu.446/","2026-09-30T22:09:28.2355555+00:00","False"
"Regal Online","https://playregal-r.com/","CAP 90","CH + EU","Rates unknown","No bots / Macro / no external bots","https://discord.gg/55SUZEEcTP","https://silkroadlatam.com/Thread-90-Cap-Regal-Online-90-Cap-progressive-CH-EU-NoN-BoT-Long-term-ISRO-R | https://joymaxtr.com/konular/regal-online-90-cap-progressive-ch-eu-non-bot-long-term-isro-r-macro.2444/","2026-09-30T22:09:59.6050442+00:00","False"
"60 CAP Nostalgia Silkroad","http://www.nostalgiasro.com/","CAP 60","CH","Rates unknown","Macro","https://discord.gg/nostalgiasro","https://joymaxsro.net/thread/4209/nostalgia-silkroad-60-cap-ch-oldschool-macro-bot-open-market-b-y-k-a-ili-27-mart","2026-09-30T22:09:34.2098651+00:00","False"
"80 CAP ESKİ DEFTERLERİ KAPATIN","https://requer.online/","CAP 80","Race unknown","Rates unknown","Bot policy unknown","https://discord.gg/requer","https://joymaxsro.net/thread/4208/esk-defterler-kapatin-yen-s-n-b-z-yaziyoruz-27-03-2026","2026-09-30T22:09:35.4223058+00:00","False"
"100 CAP CSC Game - Arya 100 Cap","","CAP 100","Race unknown","Rates unknown","Macro","https://discord.gg/eC2QxjEsvA","https://joymaxsro.net/thread/4206/csc-game-arya-100-cap-macro-silk-stall-trijob-lol-event-beta-2703-go-0304","2026-09-30T22:09:37.8173882+00:00","False"
"80 CAP ! Old-Legend 80 CAP CH","https://hizliresim.com/3iosc8e","CAP 80","CH","Rates unknown","Bot policy unknown","https://discord.gg/nzGjPZzf3a","https://joymaxsro.net/thread/4205/old-legend-80-cap-ch-lk-1-000-kay-t-a-premium-devil-hediye-zel-ninjaguard-g-o-06-mart","2026-09-30T22:09:39.0490256+00:00","False"
"80 CAP AGENT ONLINE 2,500 $ PRIZE POOL","https://sroagent.com/","CAP 80","CH","Rates unknown","Bot policy unknown","https://discord.gg/9S2xXBaeAz","https://joymaxsro.net/thread/4203/agent-online-2-500-prize-pool-80-cap-only-ch-old-system-beta-23-03-26-grand-27-03-26","2026-09-30T22:09:40.2563456+00:00","False"
"90 CAP Ripley Silkroad","","CAP 90","Race unknown","Rates unknown","No bots","https://discord.gg/WcJVqcpAfC","https://joymaxsro.net/thread/4198/ripley-silkroad-no-bots-cap-90-battle-royale-old-school-go-1-30-2026","2026-09-30T22:09:41.4387308+00:00","False"
"80 CAP Amber Online Macro","https://srocave.com/redirect?to=aHR0cHM6Ly93d3cuZmFjZWJvb2suY29tL0FtYmVyT25saW5lMjAyNA==","CAP 80","CH","Rates unknown","Macro","https://discord.gg/2Je3rbqGea","https://joymaxsro.net/thread/4197/amber-online-macro-80-cap-ch-progressive-20000-prize-beta-06-02-2026","2026-09-30T22:09:42.8065660+00:00","False"
"110 CAP SPYSRO İRİS","https://spysro.online/","CAP 110","CH + EU","Rates unknown","Bot policy unknown","https://discord.gg/BZ3P7Qdypd","https://joymaxsro.net/thread/4196/spysro-r-s-110-cap-eu-ch-d-ll-etk-nl-kler-beta-date-10-02-2026-grand-opening-13-02-2026","2026-09-30T22:09:43.8595024+00:00","False"
"110 CAP Valth Online 110 CAP / ORTA EMEK / A GRADE SISTEM / BETA: 02.03.2026 GRAND: 06.03.2026","","CAP 110","Race unknown","Rates unknown","Bot policy unknown","https://discord.gg/vwgUStW7gr","https://joymaxsro.net/thread/4193/valth-online-110-cap-orta-emek-a-grade-sistem-beta-02-03-2026-grand-06-03-2026","2026-09-30T22:09:46.3090710+00:00","False"
"80 CAP Classic Times 80 CAP","https://classicsilkroad.com/register","CAP 80","CH","1X","Bot policy unknown","https://discord.gg/ZhG9xCmUyU","https://joymaxsro.net/thread/4192/classic-times-80-cap-only-chinese-1x-rate-equalized-server-dungeon-old-school-beta-6-mart-open-13-mart","2026-09-30T22:09:47.4905017+00:00","False"
"110 CAP Sargon Online","","CAP 110","CH + EU","Rates unknown","Macro","","https://joymaxsro.net/thread/4189/sargon-online-110-cap-eu-ch-uzun-soluklu-macro-bot-aktivite-sistemi-beta-20-2-g-o-27-2","2026-09-30T22:09:23.4570258+00:00","False"
"40 CAP Area - Macro 40 CAP","","CAP 40","Race unknown","Rates unknown","Macro","","https://joymaxsro.net/thread/4187/area-macro-40-cap-progressive-2006-classic-macro-beta-20-ubat-a-ili-27-ubat","2026-09-30T22:09:23.4570616+00:00","False"
"120 CAP Cycle Online","","CAP 120","CH + EU","Rates unknown","Bot policy unknown","","https://joymaxsro.net/thread/4186/cycle-online-120-cap-eu-ch-sade-sistem-emek-server-silk-system-ovh-maxiguard-g-o-20-02-2026","2026-09-30T22:09:23.4571001+00:00","False"
"⚔️ UNIQ AVCILARINA ÇAĞRI! ⚔️ 🌐 Uniqsro.com","","CAP ?","Race unknown","Rates unknown","Bot policy unknown","","https://joymaxsro.net/thread/4248/uniq-avcilarina-ari-uniqsrocom","2026-09-30T22:09:23.4571290+00:00","False"
"100 CAP Valthera Online Silkroad","","CAP 100","CH","Rates unknown","Bot policy unknown","","https://joymaxsro.net/thread/4247/valthera-online-silkroad-equalized-system-100-cap-only-ch-drop-boxsystem-g-o-03-04-2026","2026-09-30T22:09:23.4571587+00:00","False"
"100 CAP Luxury Online Silkroad","","CAP 100","CH","Rates unknown","Bot policy unknown","","https://joymaxsro.net/thread/4246/luxury-online-silkroad-100-cap-chinese-only-long-term-server-open-market-grand-opening-03-04-26","2026-09-30T22:09:23.4571966+00:00","False"
"110 CAP Best Online Silkroad l 110 Cap","","CAP 110","CH + EU","Rates unknown","Bot policy unknown","","https://joymaxsro.net/thread/4244/best-online-silkroad-l-110-cap-tl-s-stem-12-item-s-1-gold-orta-emek-dengeli-eu-ch-500-player","2026-09-30T22:09:23.4572679+00:00","False"
"120 CAP Revolt Online Silkroad","","CAP 120","CH + EU","Rates unknown","Bot policy unknown","","https://joymaxsro.net/thread/4243/revolt-online-silkroad-sro-r-files-120-cap-ch-eu","2026-09-30T22:09:24.5484783+00:00","False"
"80 CAP XERSES SİLKROAD ONLİNE MACRO","","CAP 80","CH","Rates unknown","Macro","","https://joymaxsro.net/thread/4242/xerses-s-lkroad-onl-ne-macro-80-cap-ch-easy-rates-activity-point-system-10-000-reward-g-o-06-03","2026-09-30T22:09:24.5485879+00:00","False"
"80 CAP Silkroad Fun","","CAP 80","Race unknown","1x","Bot policy unknown","","https://joymaxsro.net/thread/4241/silkroad-fun-80-cap-1x-rate-isro-system-quest-system-3job-free-h-silk","2026-09-30T22:09:24.5486343+00:00","False"
"120 CAP Storm Online Silkroad","","CAP 120","Race unknown","Rates unknown","Bot policy unknown","","https://joymaxsro.net/thread/4239/storm-online-silkroad-120-cap-13dg-silk-system-play2win-drop-box-upgrade-grandopening-03-04-2026","2026-09-30T22:09:24.5486790+00:00","False"
"130 CAP Sailor Online Silkroad l isro-r l isro files Arabian Dawn","","CAP 130","Race unknown","Rates unknown","Bot policy unknown","","https://joymaxsro.net/thread/4238/sailor-online-silkroad-l-isro-r-l-isro-files-arabian-dawn-130-cap-latest-isror-voice-chat-new-technology","2026-09-30T22:09:24.5487273+00:00","False"
"100 CAP SKYREX ONLİNE SRO","","CAP 100","CH","Rates unknown","Macro","","https://joymaxsro.net/thread/4237/skyrex-onl-ne-sro-100-cap-only-ch-s-lkroad-06-mart-ta-a-ildi-1-yillik-proje-ad-l-oyun-macro-bot","2026-09-30T22:09:24.5487712+00:00","False"
"80 CAP Requer Online","","CAP 80","CH + EU","10x","Bot policy unknown","","https://joymaxsro.net/thread/4235/requer-online-cap-80-eu-ch-macrobot-10x-rates-long-term-sox-som-drop-a-l-27-mart","2026-09-30T22:09:24.5488591+00:00","False"
"80 CAP Elyra Online Silkroad","","CAP 80","CH","1X","Macro","","https://joymaxsro.net/thread/4234/elyra-online-silkroad-80-cap-ch-1x-macro-trijob-season-system-beta-3-n-san-b-y-k-a-ili-10-n-san","2026-09-30T22:09:24.5489023+00:00","False"
"140 CAP 🔥 IronSRO-R","","CAP 140","Race unknown","Rates unknown","Bot policy unknown","","https://joymaxsro.net/thread/4233/ironsro-r-140-cap-17dg-max-mid-rate-sro-r-sistem","2026-09-30T22:09:24.5489371+00:00","False"
"110 CAP Joynet Online","","CAP 110","Race unknown","Rates unknown","Bot policy unknown","","https://joymaxsro.net/thread/4232/joynet-online-110-cap-rekabet-i-joynet-ligi-in-eventleri-zel-drop-box-beta-13-nisan-grand-open-17-nisan","2026-09-30T22:09:24.5489800+00:00","False"
"80 CAP Whispe-R Online","","CAP 80","CH + EU","Rates unknown","Bot policy unknown","","https://joymaxsro.net/thread/4231/whispe-r-online-80-cap-eu-ch-isro-r-files-wheel-system-beta-10-nisan-b-y-k-a-ili-17-n-san","2026-09-30T22:09:24.5490249+00:00","False"
"110 CAP Zerathis Online","","CAP 110","CH + EU","Rates unknown","Bot policy unknown","","https://joymaxsro.net/thread/4230/zerathis-online-110cap-eu-ch-7-24-auto-events-dungeon-system-long-therm-g-o-17-04-2026","2026-09-30T22:09:24.5490637+00:00","False"
"80 CAP KYZEN ONLINE - CAP 80","","CAP 80","CH","Rates unknown","Bot policy unknown","","https://joymaxsro.net/thread/4229/kyzen-online-cap-80-tr-job-system-league-of-legends-5-000-prize-pool-chinese-only-beta-13-04-2026-go-17-04-2026","2026-09-30T22:09:24.5491039+00:00","False"
"120 CAP Minos Online Season 2","","CAP 120","Race unknown","Rates unknown","Bot policy unknown","","https://joymaxsro.net/thread/4228/minos-online-season-2-120-cap-silk-job-hwt-fgw-system-sun-moon-system-ve-daha-fazlas-grand-17-04-2026","2026-09-30T22:09:24.5491527+00:00","False"
"100 CAP ARKEN ONLINE SİLKROAD","","CAP 100","CH","Rates unknown","Macro","","https://joymaxsro.net/thread/4227/arken-online-s-lkroad-100-cap-ch-macro-bot-tri-job-offline-stall-500-000tl-d-l-havuzu-b-y-k-a-ili-17-n-san-2026","2026-09-30T22:09:24.5492013+00:00","False"
"80 CAP Silkroad GO","","CAP 80","Race unknown","Rates unknown","Macro","","https://joymaxsro.net/thread/4224/silkroad-go-80-cap-macro-server-10-000-prize-pool-beta-launch-03-04-2026-grand-launch-10-04-2026","2026-09-30T22:09:24.5492820+00:00","False"
"80 CAP Rovelya 80 Cap CH","","CAP 80","CH","Rates unknown","Bot policy unknown","","https://joymaxsro.net/thread/4223/rovelya-80-cap-ch-drop-system-old-school-full-activity-beta-25-mayis-grand-29-mayis","2026-09-30T22:09:24.5493218+00:00","False"
"120 CAP SilkHeart Online Silkroad","","CAP 120","CH + EU","Rates unknown","Bot policy unknown","","https://joymaxsro.net/thread/4222/silkheart-online-silkroad-120-cap-12d-eu-ch-oldschool-full-classic-game-play-24-04-2026-ger-ek-silkroad-deneyimi-ba-l-yor","2026-09-30T22:09:24.5493665+00:00","False"
"100 CAP Vevex Silkroad","","CAP 100","CH","Rates unknown","Bot policy unknown","","https://joymaxsro.net/thread/4221/vevex-silkroad-100cap-only-chinese-open-market-longterm-beta-phase-may-01-grand-opening-may-08","2026-09-30T22:09:25.7728070+00:00","False"
"110 CAP Zeratus Silkroad","","CAP 110","CH + EU","Rates unknown","Bot policy unknown","","https://joymaxsro.net/thread/4219/zeratus-silkroad-110-cap-eu-ch-yeni-nesil-sistemler-new-battle-pass-grand-opening-01-may-s-2026-beta-29-nisan","2026-09-30T22:09:25.7729941+00:00","False"
"140 CAP Astyra Silkroad-R","","CAP 140","Race unknown","Rates unknown","Bot policy unknown","","https://joymaxsro.net/thread/4218/astyra-silkroad-r-140-cap-old-new-both-job-system-ultimate-15-05-2026","2026-09-30T22:09:25.7730349+00:00","False"
"80 CAP JSRO ONLİNE SİLKROAD","","CAP 80","Race unknown","Rates unknown","Bot policy unknown","","https://joymaxsro.net/thread/4217/jsro-onl-ne-s-lkroad-80-cap-upgrade-full-activity-upgrade-system-7-months-active-upgrade-date-01-05-2026","2026-09-30T22:09:25.7730778+00:00","False"
"80 CAP SRO Tibet","","CAP 80","CH + EU","1x","Bot policy unknown","","https://joymaxsro.net/thread/4215/sro-tibet-80-cap-eu-ch-old-school-trijob-1x-rates-long-term-g-o-09-05-2026","2026-09-30T22:09:25.7731628+00:00","False"
"120 CAP TREND OF SİLKROAD 120 Cap","","CAP 120","Race unknown","Rates unknown","Bot policy unknown","","https://joymaxsro.net/thread/4213/trend-of-s-lkroad-120-cap-pvp-drop-system-new-job-system-new-glow-update-system-grand-opening-18-03-2026","2026-09-30T22:09:25.7732633+00:00","False"
"110 CAP NOVA Reborn","","CAP 110","Race unknown","Rates unknown","Bot policy unknown","","https://joymaxsro.net/thread/4211/nova-reborn-110-cap-hard-rates-long-term-open-market-go-10-apr-join-now","2026-09-30T22:09:25.7733399+00:00","False"
"80 CAP SILKROAD ONLINE – 80 CAP ONLY CHINESE PvP SERVER","","CAP 80","CH","Rates unknown","Bot policy unknown","","https://joymaxsro.net/thread/4240/silkroad-online-80-cap-only-chinese-pvp-server","2026-09-30T22:09:25.7733802+00:00","False"
"110 CAP KUTROAD","","CAP 110","Race unknown","Rates unknown","Bot policy unknown","","https://joymaxsro.net/thread/4200/kutroad-110-cap-silk-system-co-n-system-emek-server-pay-yok-uzun-s-rel","2026-09-30T22:09:25.7734611+00:00","False"
"80 CAP OldEmpire","","CAP 80","Race unknown","1x","Bot policy unknown","","https://joymaxsro.net/thread/4199/oldempire-80-cap-2005-world-quest-system-1x-rate-beta-19-01-2025","2026-09-30T22:09:25.7735023+00:00","False"
"80 CAP Lyrx Online 80 Cap Only Chn MACRO-DROP-BOXSYSTEM-FULL ACTİVİTE-SOLOFORTESS-PLAY2WİN BETA 22.0","","CAP 80","CH","Rates unknown","Macro","","https://joymaxsro.net/thread/4195/lyrx-online-80-cap-only-chn-macro-drop-boxsystem-full-act-v-te-solofortess-play2w-n-beta-22-02-2026-grand-27-02-2026","2026-09-30T22:09:25.7735529+00:00","False"
"130 CAP EldenRoad 130 Cap","","CAP 130","CH + EU","Rates unknown","Bot policy unknown","","https://joymaxsro.net/thread/4191/eldenroad-130-cap-eu-china-mastery-260-390-awaken-based-system-l-beta-06-03-2026-l-grandopen-13-03-2026","2026-09-30T22:09:25.7736044+00:00","False"
"120 CAP Anka Silkroad","","CAP 120","Race unknown","Rates unknown","Bot policy unknown","","https://joymaxsro.net/thread/4190/anka-silkroad-120-cap-19-dg-play-2-win-system-grand-opening-13-02-2026-tr-times-21-00","2026-09-30T22:09:25.7736599+00:00","False"
"80 CAP 80 Cap - MARS ONLINE","","CAP 80","CH","Rates unknown","Bot policy unknown","","https://joymaxsro.net/thread/4124/80-cap-mars-online-cap-80-ch-original-system-old-school-old-2008-files-beta-16-01-2026-g-o-23-01-2026-srocave-sro-destek-forumu","2026-09-30T22:09:25.7737142+00:00","False"
"100 CAP ExSRO","","CAP 100","CH","Rates unknown","Bot policy unknown","","https://joymaxsro.net/thread/4172/exsro-100-cap-only-ch-orta-emek-server-100-orijinal-ruh-since-2013-b-y-k-a-l-20-02-2026","2026-09-30T22:09:25.7737696+00:00","False"
"120 CAP GrindRoad Online","","CAP 120","CH + EU","Rates unknown","Bot policy unknown","","https://joymaxsro.net/thread/3955/grindroad-online-120-cap-eu-ch-dungeon-system-drop-system-beta-open-08022026-grand-open-13022026","2026-09-30T22:09:26.9743810+00:00","False"
"100 CAP SERENITY ONLINE","","CAP 100","CH","Rates unknown","Bot policy unknown","","https://joymaxsro.net/thread/4183/serenity-online-100-cap-ch-anti-bypass-500-000-tl-d-l-20-ubat-2026","2026-09-30T22:09:26.9745137+00:00","False"
"120 CAP Vertigo Online 120 Cap","","CAP 120","CH + EU","Rates unknown","Bot policy unknown","","https://joymaxsro.net/thread/4182/vertigo-online-120-cap-eu-ch-free-silk-tl-system-upgrade-system-g-o-02-01-2026","2026-09-30T22:09:26.9745677+00:00","False"
"120 CAP BB-SİLKROAD l 120cap Eu&Ch l Hard rate l Sılk Sıstem l Drop Sıstem l G.O- 02.01.2026","","CAP 120","CH + EU","Rates unknown","Bot policy unknown","","https://joymaxsro.net/thread/4181/bb-s-lkroad-l-120cap-eu-ch-l-hard-rate-l-s-lk-s-stem-l-drop-s-stem-l-g-o-02-01-2026","2026-09-30T22:09:26.9746207+00:00","False"
"110 CAP Reflection-Online","","CAP 110","Race unknown","Rates unknown","Bot policy unknown","","https://joymaxsro.net/thread/4164/reflection-online-open-market-cap110-balanced-new-features-play2win-beta-16-01-g-o-23-01","2026-09-30T22:09:26.9746711+00:00","False"
"110 CAP Velora Online R - İSRO Files - 110 CAP - EU/CH Beta : 30.01.2026 G.O 06.02.2026","","CAP 110","CH + EU","Rates unknown","Bot policy unknown","","https://joymaxsro.net/thread/4176/velora-online-r-sro-files-110-cap-eu-ch-beta-30-01-2026-g-o-06-02-2026","2026-09-30T22:09:26.9747142+00:00","False"
"100 CAP ASCENSİON ONLİNE 100 CAP ONLY CH MACRO ///// BETA OPEN 13.02.2026 ( Tanıtım Güncellenecektir","","CAP 100","CH","Rates unknown","Macro","","https://joymaxsro.net/thread/4175/ascens-on-onl-ne-100-cap-only-ch-macro-beta-open-13-02-2026-tan-t-m-g-ncellenecektir","2026-09-30T22:09:26.9747633+00:00","False"
"90 CAP Mira Online -ISro-R - Cap90 Progressive - Old & New Job System - Open Market","","CAP 90","Race unknown","Rates unknown","Bot policy unknown","","https://joymaxsro.net/thread/4174/mira-online-isro-r-cap90-progressive-old-new-job-system-open-market","2026-09-30T22:09:26.9748093+00:00","False"
"100 CAP SkyrexSro","","CAP 100","CH","Rates unknown","Macro","","https://joymaxsro.net/thread/4173/skyrexsro-100-cap-only-ch-yeni-nesil-sistem-1-yillik-proje-macro-bot-beta-20-02-2026","2026-09-30T22:09:26.9748549+00:00","False"
"80 CAP vSroTR 80 Cap Only CH - Macro Bot - New Dungeon - 27.02.2026 Büyük Açılış","","CAP 80","CH","Rates unknown","Macro","","https://joymaxsro.net/thread/4171/vsrotr-80-cap-only-ch-macro-bot-new-dungeon-27-02-2026-b-y-k-a-l","2026-09-30T22:09:26.9749064+00:00","False"
"80 CAP Vanilla Silkroad","","CAP 80","CH","Rates unknown","Bot policy unknown","","https://joymaxsro.net/thread/4169/vanilla-silkroad-80-cap-ch-8-dg-job-system-old-school-drop-system-grand-opening-19-02-2026","2026-09-30T22:09:26.9749631+00:00","False"
"90 CAP JustGame 90Cap","","CAP 90","CH","Rates unknown","Bot policy unknown","","https://joymaxsro.net/thread/4162/justgame-90cap-macrobot-live-support-system-only-ch-coin-system-oldschool-grand-open-20-02-2026","2026-09-30T22:09:26.9750161+00:00","False"
"80 CAP Poseidon Online","","CAP 80","Race unknown","Rates unknown","Macro","","https://joymaxsro.net/thread/4161/poseidon-online-80-cap-macro-consigment-trading-20-000-prize-pool-beta-phase-13-02-2026-grand-opening-20-02-2026","2026-09-30T22:09:26.9750747+00:00","False"
"100 CAP Prime Online I100 CAP Only Chinese I 1x Rate I Emek Server I Drop System I Long Term I Beta","","CAP 100","CH","1x","Bot policy unknown","","https://joymaxsro.net/thread/4168/prime-online-i100-cap-only-chinese-i-1x-rate-i-emek-server-i-drop-system-i-long-term-i-beta-23-02-2026-i-opening-27-02-2026","2026-09-30T22:09:26.9751820+00:00","False"
"120 CAP Ashura Online","","CAP 120","Race unknown","Rates unknown","Bot policy unknown","","https://joymaxsro.net/thread/4170/ashura-online-120-cap-13dg-free-silk-drop-system-forgotten-world-job-based-play2win-g-o-09-01-2025","2026-09-30T22:09:26.9752421+00:00","False"
"120 CAP 🔥Hyperz Online","","CAP 120","Race unknown","Rates unknown","Bot policy unknown","","https://joymaxsro.net/thread/4163/hyperz-online-120-cap-13dg-free-silk-drop-system-awaken-system-job-based-full-activity-b-y-k-a-l-06-02-2026","2026-09-30T22:09:26.9752899+00:00","False"
"110 CAP Fethiye Online 110Cap l Eu&Ch Drop System l Caravan System l GrandOpening: 19.02.2026","","CAP 110","CH + EU","Rates unknown","Bot policy unknown","","https://joymaxsro.net/thread/4184/fethiye-online-110cap-l-eu-ch-drop-system-l-caravan-system-l-grandopening-19-02-2026","2026-09-30T22:09:26.9753642+00:00","False"
"120 CAP Kaleas Online","","CAP 120","CH + EU","Rates unknown","Bot policy unknown","","https://joymaxsro.net/thread/4153/kaleas-online-120-cap-eu-ch-13-dg-awaken-system-coin-gold-system-emek-drop-system-auto-events-emek-g","2026-09-30T22:09:26.9754289+00:00","False"
"120 CAP Vortex Online 120 CAP – 13 DG –1 GOLD SYSTEM - 08.02.2026 OPEN AKTİVİTE ODAKLI SERVER","","CAP 120","Race unknown","Rates unknown","Bot policy unknown","","https://joymaxsro.net/thread/4177/vortex-online-120-cap-13-dg-1-gold-system-08-02-2026-open-akt-v-te-odakli-server","2026-09-30T22:09:26.9754925+00:00","False"
"130 CAP Pyledes Online","","CAP 130","Race unknown","Rates unknown","Bot policy unknown","","https://joymaxsro.net/thread/4178/pyledes-online-130-cap-emek-server-silk-system-drop-system-job-system-13-degree-new-skill-grand-open-23-01-2026","2026-09-30T22:09:28.1801180+00:00","False"
"110 CAP SpySro İris","","CAP 110","CH + EU","Rates unknown","Bot policy unknown","","https://joymaxsro.net/thread/4165/spysro-ris-110-cap-eu-ch-activity-honor-job-based-beta-10-02-2026-g-o-13-02-2026","2026-09-30T22:09:28.1802266+00:00","False"
"90 CAP Yodel Online /// 90 Cap /// Only Chine /// Drop Sistem -- 30.01.2026","","CAP 90","Race unknown","Rates unknown","Bot policy unknown","","https://joymaxsro.net/thread/4151/yodel-online-90-cap-only-chine-drop-sistem-30012026","2026-09-30T22:09:28.1802607+00:00","False"
"120 CAP Revolt Online","","CAP 120","CH + EU","Rates unknown","Bot policy unknown","","https://joymaxsro.net/thread/4179/revolt-online-sro-r-120-cap-ch-eu-16-01-2026-open-beta-23-01-2026-grand-opening","2026-09-30T22:09:28.1802945+00:00","False"
"110 CAP BUKHARA","","CAP 110","CH + EU","Rates unknown","Bot policy unknown","","https://joymaxsro.net/thread/4180/bukhara-110-cap-eu-ch-drop-system-job-based-beta-fortress-200-beta-13-subat-a-ili-20-subat","2026-09-30T22:09:28.1803394+00:00","False"
"110 CAP Greece Online l Cap 110 l CH / EU l Old School l Hard Rates l Equalized l Beta 16/1 l Grand","","CAP 110","CH + EU","Rates unknown","Bot policy unknown","","https://joymaxsro.net/thread/4185/greece-online-l-cap-110-l-ch-eu-l-old-school-l-hard-rates-l-equalized-l-beta-16-1-l-grand-23-01","2026-09-30T22:09:28.1803830+00:00","False"
"110 CAP ⚔️ GeonRoad 110 Cap","","CAP 110","Race unknown","Rates unknown","Bot policy unknown","","https://joymaxsro.net/thread/4166/geonroad-110-cap-awaken-followers-drop-beta-23-01-2026-a-l-30-01-2026-ftw-1000 | https://joymaxsro.net/thread/3935/geonroad-110-cap-emek-server-awaken-system-activity-honor-beta-open-16012026-grand-opening-23012026","2026-09-30T22:09:30.6196182+00:00","False"
"80 CAP 80 Cap - SROTIMES","","CAP 80","Race unknown","Rates unknown","Macro","","https://joymaxsro.net/thread/4128/80-cap-srotimes-80-cap-progressive-serbest-p-yasa-macro-a-ili-30-ocak-srocave-sro-destek-forumu","2026-09-30T22:09:28.1804771+00:00","False"
"100 CAP RİSE OF SİLKROAD - CAP 100","","CAP 100","CH","2.5x","Bot policy unknown","","https://joymaxsro.net/thread/4072/rise-of-silkroad-cap-100-chinese-only-25x-exp-caravan-system-5000-prize-pool-beta-30012026-go-060220 | https://joymaxsro.net/thread/177/ri-se-of-si-lkroad-cap-100-chinese-only-2-5x-exp-job-caravan-system-5-000-prize-pool-open-beta-30-01-2026-grand-open-06-02-2026","2026-09-30T22:09:31.8135443+00:00","False"
"80 CAP SAN Silkroad","","CAP 80","CH","Rates unknown","Bot policy unknown","","https://joymaxsro.net/thread/4073/san-silkroad-80-cap-only-ch-yeni-evlilik-sistemi-new-unlimited-dungeon-drop-system-long-term-1500-dl","2026-09-30T22:09:28.1805945+00:00","False"
"110 CAP 110 Cap - Solaryn Online","","CAP 110","Race unknown","Rates unknown","Bot policy unknown","","https://joymaxsro.net/thread/4130/110-cap-solaryn-online-110-cap-openmarket-longterm-5000-d-l-havuzu-beta-17-01-2026-grand-23-01-2026-srocave-sro-destek-forumu","2026-09-30T22:09:28.1806418+00:00","False"
"80 CAP 80 Cap - SAN Silkroad","","CAP 80","CH","Rates unknown","Bot policy unknown","","https://joymaxsro.net/thread/4132/80-cap-san-silkroad-80-cap-only-ch-yeni-evlilik-sistemi-new-dungeon-drop-system-1500-odullu-ftw-go-16012026","2026-09-30T22:09:28.1806913+00:00","False"
"110 CAP 110 Cap - ZENGER ONLINE","","CAP 110","Race unknown","Rates unknown","Bot policy unknown","","https://joymaxsro.net/thread/4143/110-cap-zenger-online-isro-system-zor-oranlar-cap-y-kseltme-1-yil-cap110-18-09-2025-srocave-sro-destek-forumu","2026-09-30T22:09:28.1807310+00:00","False"
"80 CAP 80 Cap - REXSRO","","CAP 80","CH","Rates unknown","Bot policy unknown","","https://joymaxsro.net/thread/4145/80-cap-rexsro-80-cap-only-ch-orta-emek-30-sen-yoksan-eks-z-her-gelene-2k-s-lk-hed-ye-tiktok-gametv-yay-n-portal-m-z-srocave-sro-destek-forumu","2026-09-30T22:09:28.1807774+00:00","False"
"100 CAP Sparta Online","","CAP 100","CH","Rates unknown","Bot policy unknown","","https://joymaxsro.net/thread/4106/sparta-online-100-cap-only-ch-drop-system-new-dungeon-beta-19012026-grand-23012026","2026-09-30T22:09:28.1808185+00:00","False"
"100 CAP AMON Online","","CAP 100","CH","Rates unknown","Bot policy unknown","","https://joymaxsro.net/thread/4102/amon-online-100-cap-only-ch-grand-opening-09012026-new-dungeon-full-activity","2026-09-30T22:09:28.1808954+00:00","False"
"110 CAP Planetsro","","CAP 110","Race unknown","Rates unknown","Bot policy unknown","","https://joymaxsro.net/thread/4076/planetsro-110-cap-free-silk-11-senedir-online-fw-i-pvp-i-unique-i-emekler-hi-bir-zaman-boa-gitmez","2026-09-30T22:09:28.1809383+00:00","False"
"1c2321c","","CAP ?","Race unknown","Rates unknown","Bot policy unknown","","https://joymaxsro.net/thread/4100/1c2321c","2026-09-30T22:09:28.1809587+00:00","False"
"120 CAP Alier Online Season III – Winter Saga","","CAP 120","Race unknown","Rates unknown","Bot policy unknown","","https://joymaxsro.net/thread/4098/alier-online-season-iii-winter-saga-120-cap-silk-system-awaken-system-all-dungeons-16012026","2026-09-30T22:09:28.1809889+00:00","False"
"100 CAP Sirion Online","","CAP 100","CH + EU","Rates unknown","Bot policy unknown","","https://joymaxsro.net/thread/4078/sirion-online-100-cap-eu-ch-old-system-balanced-pvp-beta-09012026-grand-opening-16012026 | https://joymaxsro.net/thread/4088/sirion-online-100-cap-eu-ch-balanced-pvp-grand-opening-16012026","2026-09-30T22:09:29.5632539+00:00","False"
"80 CAP CSC Game - Keops 80 Cap","","CAP 80","Race unknown","Rates unknown","Bot policy unknown","","https://joymaxsro.net/thread/4091/csc-game-keops-80-cap-5000-dl-havuzu-battle-royale-beta-0901-go-1601","2026-09-30T22:09:29.5632145+00:00","False"
"110 CAP Aeglos Online","","CAP 110","CH + EU","Rates unknown","Bot policy unknown","","https://joymaxsro.net/thread/4087/aeglos-online-cap-110-eu-ch-coindrop-system-dungeons-open-market-beta16012026-opening-23012026","2026-09-30T22:09:29.5632941+00:00","False"
"100 CAP Persia Silkroad","","CAP 100","CH","1x","Bot policy unknown","","https://joymaxsro.net/thread/4101/persia-silkroad-100-cap-chinese-equalized-system-old-school-1x-rate-beta-09012026-byk-aili-16012026","2026-09-30T22:09:29.5633466+00:00","False"
"100 CAP Old Silkroad - Spoiler Yok","","CAP 100","Race unknown","Rates unknown","Bot policy unknown","","https://joymaxsro.net/thread/4086/old-silkroad-spoiler-yok-gerek-silkroad-deneyimini-grmek-iin-buraya-tkla-go-02012026","2026-09-30T22:09:29.5633979+00:00","False"
"120 CAP Exgate Online 120Cap PvP Server","","CAP 120","Race unknown","Rates unknown","Bot policy unknown","","https://joymaxsro.net/thread/4084/exgate-online-120cap-pvp-server-silk-system-12dg-1-gold-13dg-upgrade-bedava-premium-gb-kapanma-riski","2026-09-30T22:09:29.5634547+00:00","False"
"110 CAP İCESRO 110 CAP OLDSCHOOL EMEK SERVER UZUN SOLUKLU KAPANMAMA GARANTİLİ SERVER","","CAP 110","Race unknown","Rates unknown","Bot policy unknown","","https://joymaxsro.net/thread/4083/icesro-110-cap-oldschool-emek-server-uzun-soluklu-kapanmama-garantili-server","2026-09-30T22:09:29.5635011+00:00","False"
"80 CAP 80 Cap - CSC Game - Keops 80 Cap","","CAP 80","Race unknown","Rates unknown","Bot policy unknown","","https://joymaxsro.net/thread/4139/80-cap-csc-game-keops-80-cap-5000-d-l-havuzu-battle-royale-beta-09-01-g-o-16-01-srocave-sro-destek-forumu","2026-09-30T22:09:29.5635406+00:00","False"
"110 CAP RSilkroad","","CAP 110","Race unknown","Rates unknown","Bot policy unknown","","https://joymaxsro.net/thread/4077/rsilkroad-110-cap-i-solo-uygun-sistem-i-orta-emek-nova-lv-kolay-i-doyasya-elence-i-uzun-soluklu-reka | https://joymaxsro.net/thread/3932/rsilkroad-110-cap-i-her-saat-free-silk-hediye-i-orta-emek-nova-lv-kolay-i-doyasiya-eglence-i-uzun-so | https://joymaxsro.net/thread/169/rsilkroad-110-cap-i-her-ay-50-000-tl-d-l-i-open-market-i-nova-lv-kolay-i-doyas-ya-e-lence-i-a-l-21-11-2025-i-uzun-soluklu-rekabet","2026-09-30T22:09:30.6203113+00:00","False"
"80 CAP Ribo Online 80 Cap CH","","CAP 80","CH","1x","Bot policy unknown","","https://joymaxsro.net/thread/3956/ribo-online-80-cap-ch-1x-rate-old-school-grand-opening-09012026","2026-09-30T22:09:29.5636349+00:00","False"
"100 CAP ARCANIS ONLINE","","CAP 100","CH + EU","10x","Macro","","https://joymaxsro.net/thread/4074/arcanis-online-cap-100-eu-ch-macro-10x-rates-silk-stall-open-market-yutnori-grand-opening-16012025","2026-09-30T22:09:29.5636732+00:00","False"
"80 CAP FlySro 80 CAP","","CAP 80","Race unknown","Rates unknown","Bot policy unknown","","https://joymaxsro.net/thread/3936/flysro-80-cap-yeni-sunucu-tibet-emek-server-08-dg-sosmoon-old-system-beta-01012026-grand-08012026","2026-09-30T22:09:29.5637134+00:00","False"
"te4esse1232","","CAP ?","Race unknown","Rates unknown","Bot policy unknown","","https://joymaxsro.net/thread/4058/te4esse1232","2026-09-30T22:09:29.5637368+00:00","False"
"110 CAP Immortal SRO","","CAP 110","CH + EU","Rates unknown","Bot policy unknown","","https://joymaxsro.net/thread/3948/immortal-sro-cap-110-cheu-old-school-acik-pazar-beta-25-aralik-2025","2026-09-30T22:09:29.5637625+00:00","False"
"80 CAP 80 Cap - JSRO Jurea","","CAP 80","EU","Rates unknown","Bot policy unknown","","https://joymaxsro.net/thread/4146/80-cap-jsro-jurea-80-cap-only-eu-long-term-coin-system-full-activity-1500-online-srocave-sro-destek-forumu","2026-09-30T22:09:29.5637971+00:00","False"
"120 CAP Flysro Online 120 Cap 9. Ayında!","","CAP 120","Race unknown","Rates unknown","Bot policy unknown","","https://joymaxsro.net/thread/3950/flysro-online-120-cap-9-ayinda-emek-server-12-dg-moonsun-system-1000-online-player-grand-opening-100 | https://joymaxsro.net/thread/174/flysro-online-120-cap-9-ay-nda-emek-server-12-dg-moon-sun-system-1-000-online-player-grand-opening-10-04-2025","2026-09-30T22:09:30.6197868+00:00","False"
"110 CAP Gaia Silkroad","","CAP 110","CH + EU","Rates unknown","Bot policy unknown","","https://joymaxsro.net/thread/152/gaia-silkroad-110-cap-eu-ch-5-x-exp-rate-beta-open-19-12-2025-grand-open-26-12-2025","2026-09-30T22:09:30.6195369+00:00","False"
"120 CAP KAYI ONLINE","","CAP 120","CH + EU","Rates unknown","Bot policy unknown","","https://joymaxsro.net/thread/3937/kayi-online-cap-120-pvp-dg13-eu-ch-20mon","2026-09-30T22:09:30.6195774+00:00","False"
"80 CAP REXSRO","","CAP 80","CH","Rates unknown","Bot policy unknown","","https://joymaxsro.net/thread/3938/rexsro-80-cap-only-ch-orta-emek-kale-savasi-500-odul-20000-tl-discord-ozel-cekilis-26-aralik-2025-cu","2026-09-30T22:09:30.6196642+00:00","False"
"80 CAP 80 Cap - Ria Macro","","CAP 80","CH","Rates unknown","Macro","","https://joymaxsro.net/thread/4140/80-cap-ria-macro-500-000-d-l-80-cap-only-ch-no-title-no-visual-old-school-4500-real-player-srocave-sro-destek-forumu","2026-09-30T22:09:30.6197425+00:00","False"
"100 CAP Cerberus Online","","CAP 100","Race unknown","Rates unknown","Bot policy unknown","","https://joymaxsro.net/thread/159/cerberus-online-sadece-i-n-100-cap-uzun-soluklu-yeni-zellikler-e-it-etkinlikler-beta-05-12-450-000-tl-d-l-havuzu","2026-09-30T22:09:30.6198754+00:00","False"
"110 CAP Arcadia Online","","CAP 110","CH + EU","Rates unknown","Bot policy unknown","","https://joymaxsro.net/thread/145/arcadia-online-110-cap-eu-ch-grand-today-11122025-7000-online-100000tl-odul-havuzu","2026-09-30T22:09:30.6199641+00:00","False"
"80 CAP JSRO Jurea","","CAP 80","EU","Rates unknown","Bot policy unknown","","https://joymaxsro.net/thread/3962/jsro-jurea-80-cap-only-eu-long-term-coin-system-full-activity-go-261225","2026-09-30T22:09:30.6200767+00:00","False"
"80 CAP Crimson Road","","CAP 80","CH","1x","Bot policy unknown","","https://joymaxsro.net/thread/154/crimson-road-80-cap-chinese-1x-hard-rates-long-term-open-market-open-beta-16-12-2025-g-o-26-12-2025","2026-09-30T22:09:30.6201158+00:00","False"
"110 CAP Kingsroad 110 Cap Ahlat Sunucusu 31 Ekim Cuma Günü Açıldı/ Bu Heyecana Sende Katıl I Haydi V","","CAP 110","Race unknown","Rates unknown","Bot policy unknown","","https://joymaxsro.net/thread/168/kingsroad-110-cap-ahlat-sunucusu-31-ekim-cuma-g-n-a-ld-bu-heyecana-sende-kat-l-i-haydi-vakit-kaybetme","2026-09-30T22:09:30.6201594+00:00","False"
"80 CAP SROGRAM","","CAP 80","CH","Rates unknown","Bot policy unknown","","https://joymaxsro.net/thread/141/srogram-80-cap-ch-progressive-hard-rates-oldschool-19-aralik-2025","2026-09-30T22:09:30.6201953+00:00","False"
"90 CAP ! Oasis Online 90 CAP","","CAP 90","Race unknown","Rates unknown","Bot policy unknown","","https://joymaxsro.net/thread/175/oasis-online-90-cap-drop-system-upgrade-system-dungeon-system-new-job-openmarket-grand-19-12-2025","2026-09-30T22:09:30.6202498+00:00","False"
"100 CAP M.D.G SRO","","CAP 100","CH","Rates unknown","Bot policy unknown","","https://joymaxsro.net/thread/156/m-d-g-sro-100-cap-only-ch-open-market-elemental-skills-a-ili-19-12-2025 | https://joymaxsro.net/thread/3965/mdg-sro-100-cap-only-ch-acik-market-elemental-skills-acilis-19122025","2026-09-30T22:09:33.0206529+00:00","False"
"120 CAP ExSRO","","CAP 120","Race unknown","Rates unknown","Bot policy unknown","","https://joymaxsro.net/thread/137/exsro-120-cap-always-the-best-pvp-server-28-03-2013-tarihinden-beri-a-k-kapanma-derdi-yok-her-ey-1-gold-pre-gb-cretsi-z-1500-player","2026-09-30T22:09:31.8129422+00:00","False"
"110 CAP MaxiRoad Online","","CAP 110","CH + EU","Rates unknown","Bot policy unknown","","https://joymaxsro.net/thread/3964/maxiroad-online-110-cap-eu-ch-awaken-essiz-drop-ve-follower-sistem-acilisa-ozel-etkinlikler-cooming","2026-09-30T22:09:31.8129941+00:00","False"
"110 CAP BestOnline 110 Cap","","CAP 110","CH + EU","Rates unknown","Bot policy unknown","","https://joymaxsro.net/thread/171/bestonline-110-cap-tl-si-stem-12-b-grade-1-gold-hasar-dengeli-ch-eu-tl-sistem-beta-05-12-2025","2026-09-30T22:09:31.8130397+00:00","False"
"120 CAP ! OxSro","","CAP 120","CH + EU","Rates unknown","Bot policy unknown","","https://joymaxsro.net/thread/144/oxsro-yeni-acildi-700-user-120-cap-eu-ch-upgrade-system-free-silk-activity-based-g-o-05-12-2025-25-000-tl-d-l-havuzu","2026-09-30T22:09:31.8130873+00:00","False"
"80 CAP Garcia Silkroad 80 CAP","","CAP 80","Race unknown","Rates unknown","Macro","","https://joymaxsro.net/thread/146/garcia-silkroad-80-cap-only-macro-trijob-system-i-nternational-hard-rates-beta-16-12-grand-open-19-12-2025","2026-09-30T22:09:31.8131511+00:00","False"
"110 CAP Velesia Online 110 CAP l Rise Of Velesia I Velesia League I New Caravan I Pharaoh Hunt I BET","","CAP 110","Race unknown","Rates unknown","Bot policy unknown","","https://joymaxsro.net/thread/186/velesia-online-110-cap-l-rise-of-velesia-i-velesia-league-i-new-caravan-i-pharaoh-hunt-i-beta-19-12-2025-grand-26-12-2025-100-000-tl-prize-pool","2026-09-30T22:09:31.8132748+00:00","False"
"80 CAP YouSro","","CAP 80","CH","Rates unknown","Bot policy unknown","","https://joymaxsro.net/thread/147/yousro-80-ch-season-2-1-000-player-10-active-guild-server-online-28-11","2026-09-30T22:09:31.8133326+00:00","False"
"100 CAP Original Silkroad","","CAP 100","Race unknown","Rates unknown","Bot policy unknown","","https://joymaxsro.net/thread/149/original-silkroad-100-cap-sadece-in-botlu-botsuz-sistem-geli-mi-referans-sistemi-kangaroo-event-go-01-08","2026-09-30T22:09:31.8133948+00:00","False"
"110 CAP Silvanus Online","","CAP 110","CH + EU","Rates unknown","Bot policy unknown","","https://joymaxsro.net/thread/4042/silvanus-online-pve-cap-110-cheu-medium-rates-play2win","2026-09-30T22:09:31.8134400+00:00","False"
"80 CAP Rubinum Online","","CAP 80","CH","Rates unknown","Bot policy unknown","","https://joymaxsro.net/thread/170/rubinum-online-80-cap-ch-5-000-d-l-havuzu-beta-19-12-g-o-26-12","2026-09-30T22:09:31.8134823+00:00","False"
"110 CAP Bells Online","","CAP 110","Race unknown","Rates unknown","Bot policy unknown","","https://joymaxsro.net/thread/178/bells-online-110-cap-drop-system-job-based-silk-system-01-11-25-beta","2026-09-30T22:09:31.8135984+00:00","False"
"100 CAP Alps Online // 100 Cap EU - CH // Free Silk 12.12.2025","","CAP 100","CH + EU","Rates unknown","Bot policy unknown","","https://joymaxsro.net/thread/143/alps-online-100-cap-eu-ch-free-silk-12-12-2025","2026-09-30T22:09:31.8136374+00:00","False"
"60 CAP Athens 2005","","CAP 60","CH + EU","1x","Bot policy unknown","","https://joymaxsro.net/thread/182/athens-2005-60-cap-ch-eu-1x-hard-rates-progressive-g-o-12-12-2025","2026-09-30T22:09:31.8136793+00:00","False"
"140 CAP Imperia Online","","CAP 140","Race unknown","Rates unknown","Bot policy unknown","","https://joymaxsro.net/thread/195/imperia-online-cap-140-drop-system-battle-of-league-new-route-go-05-12-2025","2026-09-30T22:09:31.8137984+00:00","False"
"90 CAP Oris Online +4500 Oyuncu, 1.Haftasında !","","CAP 90","CH + EU","1x","Bot policy unknown","","https://joymaxsro.net/thread/151/oris-online-4500-oyuncu-1-haftas-nda-90-cap-1x-eu-ch-isro-skills-oldschool-drop-system","2026-09-30T22:09:31.8138506+00:00","False"
"40 CAP !WalkerSRO-40 CAP-Only CH - REAL OLDSCHOOL - No Bot - G.O12.12.2025!","","CAP 40","CH","Rates unknown","No bots","","https://joymaxsro.net/thread/180/walkersro-40-cap-only-ch-real-oldschool-no-bot-g-o12-12-2025","2026-09-30T22:09:33.0201958+00:00","False"
"100 CAP Asgard Online - 100 Cap CH","","CAP 100","CH","Rates unknown","Bot policy unknown","","https://joymaxsro.net/thread/153/asgard-online-100-cap-ch-drop-system-her-ay-50-000tl-d-l-full-activity-beta-21-12-grand-opening-26-12-2025","2026-09-30T22:09:33.0202872+00:00","False"
"90 CAP OZSRO ONLINE","","CAP 90","CH","Rates unknown","Bot policy unknown","","https://joymaxsro.net/thread/197/ozsro-online-90-cap-update-30-11-2025-only-ch-clasic-silkroad-deneyimi","2026-09-30T22:09:33.0203654+00:00","False"
"100 CAP 𝐘𝐨𝐮𝐒𝐫𝐨","","CAP 100","Race unknown","Rates unknown","Bot policy unknown","","https://joymaxsro.net/thread/188/-1770922365","2026-09-30T22:09:33.0204295+00:00","False"
"80 CAP SRO8","","CAP 80","Race unknown","Rates unknown","Bot policy unknown","","https://joymaxsro.net/thread/173/sro8-31-05-2025-zaman-unuttu-biz-hat-rlatt-k-efsane-geri-d-nd","2026-09-30T22:09:33.0204624+00:00","False"
"80 CAP ASE ONLINE","","CAP 80","CH","Rates unknown","Bot policy unknown","","https://joymaxsro.net/thread/201/ase-online-80-cap-chinese-100-000-tl-naki-t-d-l-havuzu-30-kasim-beta-b-y-k-a-ili-05-aralik","2026-09-30T22:09:33.0204994+00:00","False"
"120 CAP 120 CAP SİLKROAD PRİVATE SERVER","","CAP 120","Race unknown","Rates unknown","Bot policy unknown","","https://joymaxsro.net/thread/193/120-cap-si-lkroad-pri-vate-server","2026-09-30T22:09:33.0205286+00:00","False"
"130 CAP Victoria Rohan 130 Cap iSro-R Server","","CAP 130","Race unknown","Rates unknown","Bot policy unknown","","https://joymaxsro.net/thread/157/victoria-rohan-130-cap-isro-r-server-wheel-pet-job-set-system-long-term-3000-online","2026-09-30T22:09:33.0205591+00:00","False"
"60 CAP Silkroad Genesis","","CAP 60","Race unknown","Rates unknown","Bot policy unknown","","https://joymaxsro.net/thread/219/silkroad-genesis-60cap-pure-oldschool-03-10-2025","2026-09-30T22:09:33.0205871+00:00","False"
"90 CAP Antika Core Station™","","CAP 90","CH","Rates unknown","Bot policy unknown","","https://joymaxsro.net/thread/192/antika-core-station-ba-langi-07-06-2024-90-cap-ch-serbest-piyasa-job-temple","2026-09-30T22:09:33.0206193+00:00","False"
"110 CAP 110 Cap - Arcadia Online","","CAP 110","CH + EU","Rates unknown","Bot policy unknown","","https://joymaxsro.net/thread/4147/110-cap-arcadia-online-110-cap-eu-ch-grand-today-11-12-2025-7000-online-100-000tl-d-l-havuzu-srocave-sro-destek-forumu","2026-09-30T22:09:33.0206891+00:00","False"
"110 CAP Hangame","","CAP 110","Race unknown","Rates unknown","Bot policy unknown","","https://joymaxsro.net/thread/209/hangame-110-cap-no-ingame-no-pay-job-sava-lar-ba-l-yor-a-l-14-kas-m-2025-cuma-saat-20-00","2026-09-30T22:09:33.0207299+00:00","False"
"90 CAP Avalon SRO","","CAP 90","CH + EU","Rates unknown","Bot policy unknown","","https://joymaxsro.net/thread/200/avalon-sro-90-cap-eu-ch-isro-r-hard-rate-drop-silk-sistem-beta-04-12-2025-g-o-12-12-2025","2026-09-30T22:09:33.0207861+00:00","False"
"120 CAP Shine Online","","CAP 120","Race unknown","Rates unknown","Bot policy unknown","","https://joymaxsro.net/thread/139/shine-online-120-cap-13dg-silk-system-box-system-drop-coin-system-dungeon-system-19-12-2025-comment-event-5x1000-silk-leave-your-ign","2026-09-30T22:09:33.0208483+00:00","False"
"Sroeu Online","https://www.sroeu.com/","CAP 120","Race unknown","Rates unknown","Bot policy unknown","https://discord.gg/KTzStpGyRR","https://sro-latino.com/threads/sroeu-online-12-degree-cap-120-rebirth-system-upgrade-system-go-10-12.3960/","2026-09-30T22:09:50.7531125+00:00","False"
"Devias Reborn","https://devias.online/","CAP 80","CH","Rates unknown","Bot policy unknown","https://discord.gg/7VhXhjzGKY","https://sro-latino.com/threads/devias-reborn-league-of-legends-arena-new-systems-80cap-vanilla-play2win.3742/","2026-09-30T22:09:53.2047963+00:00","False"
"? Exodes Online ? 130 Cap ? 14D ? Rebrith System ? Auto Events ? Job-Based","https://exodes.online/","CAP 130","Race unknown","Rates unknown","Bot policy unknown","https://discord.gg/MapsKWHdjv","https://sro-latino.com/threads/exodes-online-130-cap-14d-rebrith-system-auto-events-job-based.3647/","2026-09-30T22:09:55.6016652+00:00","False"
"KenyDo Online","https://kenydo.com/","CAP 140","Race unknown","Rates unknown","Bot policy unknown","https://discord.gg/3gdcMr6","https://sro-latino.com/threads/kenydo-online-cap-140-and-d16-survival-sky-temple-new-school.3484/","2026-09-30T22:09:58.0301116+00:00","False"
"[ NAROX Online ] Cap 100 - D10 - CH & EU - Long Term - Free Silk - Play2Win - GO 20.9","http://narox.online/","CAP 100","CH + EU","Rate 37","Bot policy unknown","","https://sro-latino.com/threads/narox-online-cap-100-d10-ch-eu-long-term-free-silk-play2win-go-20-9.3479/","2026-09-30T22:09:59.4546402+00:00","False"
"Raum-Sro Cap 100 CH Only","http://www.play-raum.online/","CAP 100","CH","40x","Bot policy unknown","https://discord.gg/8ankPMy","https://sro-latino.com/threads/raum-sro-cap-100-ch-only-old-school-sistemas-mixtos-alta-calidad-go-15-07.3424/","2026-09-30T22:10:01.6842533+00:00","False"
"Eles Online","http://play-eles.online/","CAP 100","CH","15x","Bot policy unknown","","https://sro-latino.com/threads/eles-online-100-cap-only-ch-job-drop-union-survival-nueva-dungeon-19-junio-2020.3395/","2026-09-30T22:10:02.9162282+00:00","False"
"Proyecto Nyx","https://www.play-nyx.com/","CAP 80","CH","14x","Bot policy unknown","https://discord.gg/VpYbe48","https://sro-latino.com/threads/proyecto-nyx-cap-80-alquimia-avanzada-no-editado-en-exceso-hecho-a-la-perfeccion.3391/","2026-09-30T22:10:04.1732874+00:00","False"
"MARVS Online","","CAP 100","CH","Rates unknown","Bot policy unknown","","https://sro-latino.com/threads/marvs-online-100-cap-ch-only-long-term-real-play-to-win-systema-g-o-1-7-2020.3384/","2026-09-30T22:09:44.9498229+00:00","False"
"Erius - 100 CAP","","CAP 100","CH","Rates unknown","Bot policy unknown","","https://sro-latino.com/threads/erius-100-cap-ch-pc-limit-2-wind-mastery-creativeness-join-us-now.1395/","2026-09-30T22:09:45.9495144+00:00","False"
"[Anonymous-SRO] Cap 100","","CAP 100","CH + EU","Rates unknown","Bot policy unknown","","https://sro-latino.com/threads/anonymous-sro-cap-100-ch-eu-oldschool-silk-hower-autoevents-quest-daily.3225/","2026-09-30T22:09:45.9496161+00:00","False"
"Cosmic Online","","CAP 110","CH + EU","Rates unknown","Bot policy unknown","","https://sro-latino.com/threads/cosmic-online-cap-110-ch-eur-pve-server-free-silk-weekly-events.3186/","2026-09-30T22:09:45.9496478+00:00","False"
"[XEON Online] PVE - CH & EU - Cap 130 - D14 - 1500 Online Player .. & More","","CAP 130","CH + EU","Rates unknown","Bot policy unknown","","https://sro-latino.com/threads/xeon-online-pve-ch-eu-cap-130-d14-1500-online-player-more.3136/","2026-09-30T22:09:45.9496755+00:00","False"
"[ROBEX Online] Cap 100 - D10 - CH & EU - Grand Opening 20.2.2020","","CAP 100","CH + EU","Rates unknown","Bot policy unknown","","https://sro-latino.com/threads/robex-online-cap-100-d10-ch-eu-grand-opening-20-2-2020.3135/","2026-09-30T22:09:45.9497035+00:00","False"
"[Z SRO ] Cap 90","","CAP 90","CH + EU","Rates unknown","Bot policy unknown","","https://sro-latino.com/threads/z-sro-cap-90-ch-eu-oldschool-mid-rates-free-silk.3123/","2026-09-30T22:09:45.9497296+00:00","False"
"Ethernal Online","","CAP 90","Race unknown","Rates unknown","Bot policy unknown","","https://sro-latino.com/threads/ethernal-online-cap-90-point-system-server-progresivo.3073/","2026-09-30T22:09:45.9497556+00:00","False"
"New server Blade Online cap 120 new skill new uniques job based es Latino","","CAP 120","Race unknown","Rates unknown","Bot policy unknown","","https://sro-latino.com/threads/new-server-blade-online-cap-120-new-skill-new-uniques-job-based-es-latino.3003/ | https://sro-latino.com/threads/new-server-blade-online-cap-120-new-skill-new-uniques-job-based-es-latino.3002/","2026-09-30T22:09:45.9498147+00:00","False"
"SRO","","CAP 80","CH","Rates unknown","Bot policy unknown","","https://sro-latino.com/threads/sro-valtyr-80-cap-oldschool-only-ch-vote4silk-old-edits-easy-system.2256/","2026-09-30T22:09:45.9498421+00:00","False"
"[Indominus Season 2] FREE SILKS","","CAP 130","CH + EU","Rates unknown","Bot policy unknown","","https://sro-latino.com/threads/indominus-season-2-free-silks-ch-eu-cap130-d14-grand-opening-may-17th.2962/","2026-09-30T22:09:45.9498784+00:00","False"
"Genesys Sro","","CAP 110","CH + EU","Rates unknown","Bot policy unknown","","https://sro-latino.com/threads/genesys-sro-vieja-escuela-cap-110-chn-eu.2728/","2026-09-30T22:09:45.9499032+00:00","False"
"Silkroad Server Almight / Cap 105 / Raza Only CHN / Based Job","","CAP 105","CH","Rates unknown","Bot policy unknown","","https://sro-latino.com/threads/silkroad-server-almight-cap-105-raza-only-chn-based-job.2925/","2026-09-30T22:09:45.9499292+00:00","False"
"Diagon Online","","CAP 90","CH","Rates unknown","Bot policy unknown","","https://sro-latino.com/threads/diagon-online-90-cap-ch-pc-limit-2-play2win-grand-opening-01-02-2019.2923/","2026-09-30T22:09:45.9499545+00:00","False"
"Silkroad Allmight Cap 105 Solo Chn","","CAP 105","CH","Rates unknown","Bot policy unknown","","https://sro-latino.com/threads/silkroad-allmight-cap-105-solo-chn.2911/ | https://sro-latino.com/threads/silkroad-allmight-cap-105-solo-chn.2910/","2026-09-30T22:09:47.1626973+00:00","False"
"Silkroad ALLMIGHT Online! Cap 105 Solo CHN Apertura 11/01/19","","CAP 105","CH","Rates unknown","Bot policy unknown","","https://sro-latino.com/threads/silkroad-allmight-online-cap-105-solo-chn-apertura-11-01-19.2909/","2026-09-30T22:09:47.1627834+00:00","False"
"Eregion Online","","CAP 100","CH + EU","Rates unknown","Bot policy unknown","","https://sro-latino.com/threads/eregion-online-cap-100-eu-ch-balanced-oldschool.2897/","2026-09-30T22:09:47.1628184+00:00","False"
"Nereus","","CAP 140","CH + EU","Rates unknown","Bot policy unknown","","https://sro-latino.com/threads/nereus-eu-ch-d16-cap-140-silk-hour-wind-mastery-auto-events-new-systems-jobsystem.2894/","2026-09-30T22:09:47.1628513+00:00","False"
"SRO Server Venezolano Cap 100 EU&CHN","","CAP 100","CH + EU","Rates unknown","Bot policy unknown","","https://sro-latino.com/threads/sro-server-venezolano-cap-100-eu-chn.2892/","2026-09-30T22:09:47.1628739+00:00","False"
"Silkroad Venezuela Online Cap 100 EU/CH","","CAP 100","CH + EU","Rates unknown","Bot policy unknown","","https://sro-latino.com/threads/silkroad-venezuela-online-cap-100-eu-ch.2890/","2026-09-30T22:09:47.1628921+00:00","False"
"SilkroadTH","","CAP 100","CH + EU","Rates unknown","Bot policy unknown","","https://sro-latino.com/threads/silkroadth-cap-100-vote4silk-china-europe-blackrogue.1849/","2026-09-30T22:09:47.1629147+00:00","False"
"BladeSro","","CAP 140","CH + EU","Rates unknown","Bot policy unknown","","https://sro-latino.com/threads/bladesro-eu-ch-d16-cap-140-silk-hour-wind-mastery-auto-events-new-systems-jobsystem.2882/","2026-09-30T22:09:47.1629447+00:00","False"
"Reality Reborn","","CAP 100","Race unknown","Rates unknown","Bot policy unknown","","https://sro-latino.com/threads/reality-reborn-cap-100-chinos-cuando-la-innovacion-conoce-al-profesionalismo.2816/","2026-09-30T22:09:47.1630050+00:00","False"
"Nuevo pserver Venix 80 Cap Old School","","CAP 80","Race unknown","Rates unknown","Bot policy unknown","","https://sro-latino.com/threads/nuevo-pserver-venix-80-cap-old-school.2756/","2026-09-30T22:09:47.1630377+00:00","False"
"Silkroad LostWorld Cap 110 / Euro y Chinos / Lleguense","","CAP 110","Race unknown","Rates unknown","Bot policy unknown","","https://sro-latino.com/threads/silkroad-lostworld-cap-110-euro-y-chinos-lleguense.2692/","2026-09-30T22:09:47.1630579+00:00","False"
"Araxion Online - Sky's the limit","","CAP 100","CH","Rates unknown","Bot policy unknown","","https://sro-latino.com/threads/araxion-online-skys-the-limit-ch-cap100-pve-endless-entertainment-ob-21-03.2609/","2026-09-30T22:09:47.1630994+00:00","False"
"New Evolust [PVP Server 120 cap] +12 FB 100%, Free Silks","","CAP 120","Race unknown","Rates unknown","Bot policy unknown","","https://sro-latino.com/threads/new-evolust-pvp-server-120-cap-12-fb-100-free-silks.2580/","2026-09-30T22:09:47.1631265+00:00","False"
"Silkroad PandaFX","","CAP 100","Race unknown","Rates unknown","Bot policy unknown","","https://sro-latino.com/threads/silkroad-pandafx-cap-100-old-school.1586/","2026-09-30T22:09:48.3412343+00:00","False"
"RedQueen Silkroad / Cap 120 / EU&CH / Sistema de free silk por dropeo / Armas Egypt B","","CAP 120","CH + EU","Rates unknown","Bot policy unknown","","https://sro-latino.com/threads/redqueen-silkroad-cap-120-eu-ch-sistema-de-free-silk-por-dropeo-armas-egypt-b.2452/","2026-09-30T22:09:48.3413279+00:00","False"
"Dymer Online","","CAP 80","CH","Rates unknown","Bot policy unknown","","https://sro-latino.com/threads/dymer-online-80-cap-ch-only-activity-based-where-legends-are-made.2433/","2026-09-30T22:09:48.3413625+00:00","False"
"Emerald Online","","CAP 100","CH + EU","Rates unknown","Bot policy unknown","","https://sro-latino.com/threads/emerald-online-cap-100-eu-ch-nuevas-mazmorras-caracteristicas-exclusivas.2344/","2026-09-30T22:09:48.3413939+00:00","False"
"Prestigio l 90 Cap l CH l Fellow Skills l Silks/H","","CAP 90","CH","Rates unknown","Bot policy unknown","","https://sro-latino.com/threads/prestigio-l-90-cap-l-ch-l-fellow-skills-l-silks-h-vote-achievement-system-longt.2338/","2026-09-30T22:09:48.3414267+00:00","False"
"Theia","","CAP 100","CH + EU","Rates unknown","Bot policy unknown","","https://sro-latino.com/threads/theia-cap-100-ch-eu-custom-dungeons-elo-system.2323/","2026-09-30T22:09:48.3414518+00:00","False"
"Silkroad Slifer / CAP 120 / Mastery CH EU / Easy System","","CAP 120","CH + EU","Rates unknown","Bot policy unknown","","https://sro-latino.com/threads/silkroad-slifer-cap-120-mastery-ch-eu-easy-system.2293/","2026-09-30T22:09:48.3414751+00:00","False"
"Cronos Online CAP 90 / Sólo chinos / Jugabilidad mejorada / Gran Apertura 1-7-2017","","CAP 90","Race unknown","Rates unknown","Bot policy unknown","","https://sro-latino.com/threads/cronos-online-cap-90-solo-chinos-jugabilidad-mejorada-gran-apertura-1-7-2017.2115/","2026-09-30T22:09:48.3415036+00:00","False"
"[Recomendado] SRO Syntix Online","","CAP 100","CH","Rates unknown","Bot policy unknown","","https://sro-latino.com/threads/recomendado-sro-syntix-online-cap-100-chn.2198/","2026-09-30T22:09:48.3415316+00:00","False"
"SilkroadR - Future of Silkroad is in your hands","","CAP 120","Race unknown","Rates unknown","Bot policy unknown","","https://sro-latino.com/threads/silkroadr-future-of-silkroad-is-in-your-hands-vote-for-silk-120cap-sror-files.1802/","2026-09-30T22:09:48.3415869+00:00","False"
"Savitor Online ::","","CAP 140","Race unknown","Rates unknown","Bot policy unknown","","https://sro-latino.com/threads/savitor-online-cap-140-pvp-skills-140-jc-h-awesome-features-2nd-job-war-update.2097/","2026-09-30T22:09:48.3416230+00:00","False"
"Silkroad:WarDays ✧ Cap 110 ✧ EU/CH ✧ PvP Server ✧ Job Based ✧ Instant Fun","","CAP 110","CH + EU","Rates unknown","Bot policy unknown","","https://sro-latino.com/threads/silkroad-wardays-cap-110-eu-ch-pvp-server-job-based-instant-fun.2059/","2026-09-30T22:09:48.3416543+00:00","False"
"RAM-SRO ✧ Cap 110 ✧ EU/CH ✧ PvP Server ✧ Job Based ✧ Instant Fun","","CAP 110","CH + EU","Rates unknown","Bot policy unknown","","https://sro-latino.com/threads/ram-sro-cap-110-eu-ch-pvp-server-job-based-instant-fun.2041/","2026-09-30T22:09:48.3416898+00:00","False"
"Cronos l 90 Cap l CH l Basado Job l Vieja Escuela l Jugabilidad Innovadora l Beta 2.6","","CAP 90","CH","Rates unknown","Bot policy unknown","","https://sro-latino.com/threads/cronos-l-90-cap-l-ch-l-basado-job-l-vieja-escuela-l-jugabilidad-innovadora-l-beta-2-6.2040/","2026-09-30T22:09:48.3417238+00:00","False"
"Empire-Sro-Pve-D11-Cap 110-Silk/hora- New Events-Jop Based-Nuevo hilo .","","CAP 110","Race unknown","Rates unknown","Bot policy unknown","","https://sro-latino.com/threads/empire-sro-pve-d11-cap-110-silk-hora-new-events-jop-based-nuevo-hilo.1960/","2026-09-30T22:09:48.3417826+00:00","False"
"Empire-Sro-Pve-D11-Cap 110-System Sillk & Coin- New Events-Jop Based-Check it","","CAP 110","Race unknown","Rates unknown","Bot policy unknown","","https://sro-latino.com/threads/empire-sro-pve-d11-cap-110-system-sillk-coin-new-events-jop-based-check-it.1943/","2026-09-30T22:09:48.3418080+00:00","False"
"Focus Sro II","","CAP 105","Race unknown","Rates unknown","Bot policy unknown","","https://sro-latino.com/threads/focus-sro-ii-cap-105-solo-chinos-estable-a-la-vieja-escuela.1924/","2026-09-30T22:09:48.3418339+00:00","False"
"Reality Online [CAP 100 / Sólo Chinos / 330 Mastery / LONG-TERM / JOB-BASED]","","CAP 100","Race unknown","Rates unknown","Bot policy unknown","","https://sro-latino.com/threads/reality-online-cap-100-solo-chinos-330-mastery-long-term-job-based.1850/","2026-09-30T22:09:49.5557638+00:00","False"
"CRIED","","CAP 110","Race unknown","Rates unknown","Bot policy unknown","","https://sro-latino.com/threads/cried-cap110-pve-free-silks-h-play2win-caracteristicas-limpias.1809/","2026-09-30T22:09:49.5558978+00:00","False"
"Eryx","","CAP 80","CH","Rates unknown","Bot policy unknown","","https://sro-latino.com/threads/eryx-80-cap-ch-job-based-new-tweaks-account-access-control-free-s-h.1461/","2026-09-30T22:09:49.5559754+00:00","False"
"Silkroad Guerra CAP 110 (pronta expansión)","","CAP 110","Race unknown","Rates unknown","Bot policy unknown","","https://sro-latino.com/threads/silkroad-guerra-cap-110-pronta-expansion.1449/","2026-09-30T22:09:49.5560167+00:00","False"
"SILKROAD ELASTWORLD CAP 80 CHINESSE","","CAP 80","Race unknown","Rates unknown","Bot policy unknown","","https://sro-latino.com/threads/silkroad-elastworld-cap-80-chinesse.1445/","2026-09-30T22:09:49.5560460+00:00","False"
"RealSilkroadOnline 80 CAP iSro System Coming Soon","","CAP 80","Race unknown","Rates unknown","Bot policy unknown","","https://sro-latino.com/threads/realsilkroadonline-80-cap-isro-system-coming-soon.1356/","2026-09-30T22:09:49.5560795+00:00","False"
"Eryx Online [ 80 Cap - CH - S/H - Coin & Drop sys. ( Job Based )]","","CAP 80","CH","Rates unknown","Bot policy unknown","","https://sro-latino.com/threads/eryx-online-80-cap-ch-s-h-coin-drop-sys-job-based.807/","2026-09-30T22:09:49.5561475+00:00","False"
"Devias Online: Oldscool","","CAP 80","Race unknown","Rates unknown","Bot policy unknown","","https://sro-latino.com/threads/devias-online-oldscool-cap-80-sin-donaciones-play2win-100-silk-x-hora-base-job.115/","2026-09-30T22:09:49.5561909+00:00","False"
"Eagle Gaming Network","","CAP 100","CH","Rates unknown","Bot policy unknown","","https://sro-latino.com/threads/eagle-gaming-network-100-cap-ch-only-job-based-opening-22-4-2016.309/","2026-09-30T22:09:49.5562280+00:00","False"
"Lumus Online","https://playlumus.online/","CAP 90","CH + EU","Rates unknown","No bots","https://discord.gg/cm4WA8By7d","https://joymaxtr.com/konular/lumus-online-go-25-sep-90-cap-eu-ch-balanced-pvp-no-bots-progressive.2486/","2026-09-30T22:09:51.2464578+00:00","False"
"SRONET 80 Cap Old Classic","https://sronet.online/","CAP 80","CH + EU","1x","Bot policy unknown","https://discord.gg/sronet80","https://joymaxtr.com/konular/sronet-80-cap-old-classic-1x-rate-pc-limit-2-23-06-2026.2409/","2026-09-30T22:10:04.5180943+00:00","False"
"Raven Online","","CAP 40","CH","Rates unknown","Macro","","https://joymaxtr.com/konular/raven-online-cap-40-100-progression-chn-macro-isro-dungeon.2416/","2026-09-30T22:09:43.9770413+00:00","False"
"KINGSROAD 125 CAP PERGE SERVER OPENS FRIDAY, MAY 22ND. YOU MUST JOIN THIS ADVENTURE!","","CAP 125","Race unknown","Rates unknown","Bot policy unknown","","https://joymaxtr.com/konular/kingsroad-125-cap-perge-server-opens-friday-may-22nd-you-must-join-this-adventure.2366/","2026-09-30T22:09:45.1509575+00:00","False"
"ROVELYA 80 CAP","","CAP 80","Race unknown","Rates unknown","Bot policy unknown","","https://joymaxtr.com/konular/rovelya-80-cap-drop-system-old-school-all-active-events-25-may-beta-grand-29-may.2336/","2026-09-30T22:09:45.1511249+00:00","False"
"PSilkroad 40 Cap Europe Chinese","","CAP 40","CH + EU","Rates unknown","Bot policy unknown","","https://joymaxtr.com/konular/psilkroad-40-cap-europe-chinese-pure-oldschool-23-04-2026.2329/","2026-09-30T22:09:45.1511515+00:00","False"
"RevoGame Come Back","","CAP 120","CH + EU","Rates unknown","Bot policy unknown","","https://joymaxtr.com/konular/revogame-come-back-kina-120-cap-eu-ch-long-term-drop-system-real-cash-system-grand-opening-13-03-2026.2279/","2026-09-30T22:09:45.1512379+00:00","False"
"Greece Onlıne","","CAP 110","CH + EU","Rates unknown","Bot policy unknown","","https://joymaxtr.com/konular/greece-online-cap-110-ch-eu-long-term-play2win-equalized-events-beta-16-01-2026.2217/","2026-09-30T22:09:45.1514620+00:00","False"
"Jupiter Online Announcement","","CAP ?","Race unknown","Rates unknown","Bot policy unknown","","https://joymaxtr.com/konular/jupiter-online-announcement.2221/","2026-09-30T22:09:45.1515221+00:00","False"
"SILKNATION REMASTERED","","CAP 140","Race unknown","Rates unknown","Bot policy unknown","","https://joymaxtr.com/konular/silknation-remastered-isro-r-cap-140-free-silk-yamgames-studio.1185/","2026-09-30T22:09:45.1515746+00:00","False"
"Velora Sro","","CAP 110","CH + EU","Rates unknown","Bot policy unknown","","https://joymaxtr.com/konular/velora-sro-eu-ch-110-cap-long-term-new-features-equal-events-beta-01-12-2025-grand-25-12-2025.2211/","2026-09-30T22:09:45.1516035+00:00","False"
"Dominus Online","","CAP 90","CH + EU","Rates unknown","No bots","","https://joymaxtr.com/konular/dominus-online-90-cap-eu-ch-balanced-pvp-no-bots-go-02-01-2026.2177/","2026-09-30T22:09:46.3654125+00:00","False"
"AVERA ONLINE","","CAP 120","Race unknown","Rates unknown","Bot policy unknown","","https://joymaxtr.com/konular/avera-online-120-cap-upgrade-system-play2win.2147/","2026-09-30T22:09:46.3654991+00:00","False"
"Aligator","","CAP 110","Race unknown","Rates unknown","Macro","","https://joymaxtr.com/konular/aligator-cap-110-awakening-system-macro-bot-g-o-22-08.2053/","2026-09-30T22:09:46.3656664+00:00","False"
"Silent Sro","","CAP 110","Race unknown","Rates unknown","Bot policy unknown","","https://joymaxtr.com/konular/silent-sro-cap-110-silk-hour-uniques-silk-auto-events-go-10-9-2025.2076/","2026-09-30T22:09:46.3657327+00:00","False"
"Ephesos Online︱80 Cap Only CH ︱Drop System︱New Dungeon︱Beta Opening 29.08.2025︱Grand Opening 05.09.2","","CAP 80","CH","Rates unknown","Bot policy unknown","","https://joymaxtr.com/konular/ephesos-online-80-cap-only-ch-drop-system-new-dungeon-beta-opening-29-08-2025-grand-opening-05-09-2025.2035/","2026-09-30T22:09:46.3658290+00:00","False"
"📌 J2Global","","CAP 120","CH + EU","Rates unknown","Bot policy unknown","","https://joymaxtr.com/konular/j2global-120-cap-ch-eu-1000-prize-pool-13dg-silk-system-play2win-full-activity-beta-17-july-2025-g-o-24-july-2025.2017/","2026-09-30T22:09:46.3658653+00:00","False"
"Uranüs Online","","CAP 80","CH","Rates unknown","Bot policy unknown","","https://joymaxtr.com/konular/uranues-online-sezon-2-80-cap-chinese-old-job-based-missed-old-taste-drop-box-system-01-08-2025-21-00-beta-27-july.2019/","2026-09-30T22:09:46.3659306+00:00","False"
"CLOSED","","CAP ?","Race unknown","Rates unknown","Bot policy unknown","","https://joymaxtr.com/konular/closed.2003/","2026-09-30T22:09:46.3659529+00:00","False"
"TimeRoadOnline","","CAP 120","CH + EU","Rates unknown","Bot policy unknown","","https://joymaxtr.com/konular/timeroadonline-120-cap-eu-ch-coin-system-job-wars-abundant-event-beta-opening-15-06-2025-18-00-grand-opening-20-06-2025-18-00.1986/","2026-09-30T22:09:46.3659828+00:00","False"
"SHIOJIN ONLINE","","CAP 20","CH + EU","Rates unknown","Bot policy unknown","","https://joymaxtr.com/konular/shiojin-online-20-cap-eu-chn-ai-job-design-06-06-2025-grand-opening.1978/","2026-09-30T22:09:46.3660170+00:00","False"
"ADEN ONLINE","","CAP 110","Race unknown","Rates unknown","Bot policy unknown","","https://joymaxtr.com/konular/aden-online-110-cap-long-term-job-based-play2win-open-23-05.1904/","2026-09-30T22:09:46.3660441+00:00","False"
"Osiris Online","","CAP 110","Race unknown","Rates unknown","Bot policy unknown","","https://joymaxtr.com/konular/osiris-online-cap110-hard-rate-oldschool-long-term-quest-new-system-spawm-mobs-go-16-05-2025.1966/","2026-09-30T22:09:46.3660774+00:00","False"
"Karos Online","","CAP 80","CH","Rates unknown","Bot policy unknown","","https://joymaxtr.com/konular/karos-online-only-80-cap-chinese-business-activity-drop-system-unique-silk-drop-automatic-events-grand-opening-06-06-2025.1957/","2026-09-30T22:09:47.5192525+00:00","False"
"Yuhan Online","","CAP 110","Race unknown","Rates unknown","Bot policy unknown","","https://joymaxtr.com/konular/yuhan-online-open-market-cap110-balanced-new-features-30-05-2025.1952/","2026-09-30T22:09:47.5193218+00:00","False"
"Vanilla SRO - REAL OLDSCHOOL - No Bot - Closed Beta!","","CAP ?","Race unknown","Rates unknown","No bots","","https://joymaxtr.com/konular/vanilla-sro-real-oldschool-no-bot-closed-beta.1935/","2026-09-30T22:09:47.5193645+00:00","False"
"Arrow ALIGATOR","","CAP 110","Race unknown","Rates unknown","Macro","","https://joymaxtr.com/konular/arrow-aligator-cap-110-old-school-chest-systems-coin-macro-go-18-4-2025.1923/","2026-09-30T22:09:47.5194071+00:00","False"
"Midas Online","","CAP 140","Race unknown","Rates unknown","Bot policy unknown","","https://joymaxtr.com/konular/midas-online-cap-140-open-market-pve-pvp-new-dungeons-go-20-of-june.1917/","2026-09-30T22:09:47.5194567+00:00","False"
"Play RA Online","","CAP 90","CH","Rates unknown","Bot policy unknown","","https://joymaxtr.com/konular/play-ra-online-90-cap-only-ch-beta-phase-18-04-2025-grand-opening-25-04-2025-open-market-long-term-a-new-era-begins-in-silkroad.1909/","2026-09-30T22:09:47.5195212+00:00","False"
"Silvanus Online PVE CAP 110 Beta Today 25/10 Grand 1/11","","CAP 110","Race unknown","Rates unknown","Bot policy unknown","","https://joymaxtr.com/konular/silvanus-online-pve-cap-110-beta-today-25-10-grand-1-11.1582/","2026-09-30T22:09:47.5195749+00:00","False"
"Aegean Online","","CAP 80","CH","Rates unknown","Bot policy unknown","","https://joymaxtr.com/konular/aegean-online-80-cap-only-ch-opening-04-04-2025-battle-royale-equalized-events-silk-stall-league-of-aegean-drop-system-god-of-aegean.1891/","2026-09-30T22:09:47.5196845+00:00","False"
"Orion Online","","CAP 110","Race unknown","Rates unknown","Bot policy unknown","","https://joymaxtr.com/konular/orion-online-cap110-low-rate-oldschool-long-term-open-market-play2win-grand-opening-21-03-2025.1882/","2026-09-30T22:09:47.5197473+00:00","False"
"ARMOR ONLİNE","","CAP 120","CH + EU","Rates unknown","Bot policy unknown","","https://joymaxtr.com/konular/armor-online-120-cap-eu-ch-silk-system-12dg-upgrade-system-beta-28-03-2025-opening-11-04-2025.1859/","2026-09-30T22:09:47.5198019+00:00","False"
"JoymaxTR Malazgirt Season 2","","CAP 110","CH + EU","Rates unknown","Bot policy unknown","","https://joymaxtr.com/konular/joymaxtr-malazgirt-season-2-110-cap-ch-eu-play2win-daily-rewards-dungeon-system-beta-03-03-2025-grand-07-03-2025.1860/","2026-09-30T22:09:47.5198669+00:00","False"
"Zephyrus Online","","CAP 80","CH","Rates unknown","Bot policy unknown","","https://joymaxtr.com/konular/zephyrus-online-80-cap-only-ch-drop-system-full-activity-dungeon-system-guenluek-oeduelleri-fw-15-000-tl-g-o-01-03-2025-1000-player.1845/","2026-09-30T22:09:47.5199387+00:00","False"
"Victoria Vigorous 120 Cap","","CAP 120","Race unknown","Rates unknown","Bot policy unknown","","https://joymaxtr.com/konular/victoria-vigorous-120-cap-50-pvp-long-term-new-pet-job-skills-chamber-of-vicious-shadows-g-o-28-february.1848/","2026-09-30T22:09:47.5200564+00:00","False"
"Nexus Online l CAP 110 l EU&CH","","CAP 110","CH + EU","Rates unknown","Bot policy unknown","","https://joymaxtr.com/konular/nexus-online-l-cap-110-l-eu-ch-open-market-long-term-l-g-o-28-2-2025.1837/","2026-09-30T22:09:47.5201509+00:00","False"
"Adalet Online","","CAP 80","CH + EU","Rates unknown","Bot policy unknown","","https://joymaxtr.com/konular/adalet-online-80-cap-europe-china-box-drop-system-battle-justice-beta-14-02-2025-grand-opening-22-02-2025.1814/","2026-09-30T22:09:47.5202061+00:00","False"
"Solus Online","","CAP 100","CH","Rates unknown","Macro","","https://joymaxtr.com/konular/solus-online-100-cap-only-ch-exclusive-macro-system-balanced-builds-play2earn-events-beta-17-01-g-o-24-01.1809/","2026-09-30T22:09:47.5202752+00:00","False"
"KUPAL ONLINE","","CAP 120","Race unknown","Rates unknown","Bot policy unknown","","https://joymaxtr.com/konular/kupal-online-120-cap-13-dg-job-system-20-january-2025.1761/","2026-09-30T22:09:47.5203215+00:00","False"
"zSilkroad","","CAP 110","CH + EU","Rates unknown","Bot policy unknown","","https://joymaxtr.com/konular/zsilkroad-110-cap-eu-ch-unlimted-open-market-egy-a-b-system-full-activity-g-opening-03-01-2025-job-system-long-term-auto-events.1696/","2026-09-30T22:09:48.8368551+00:00","False"
"⭐Agora Online","","CAP 100","CH","Rates unknown","Bot policy unknown","","https://joymaxtr.com/konular/agora-online-season-iii-100-cap-chonly-drop-box-system-job-system-beta-online-grand-prize-300-grand-opening-20-12-2024.1572/ | https://mt2.org/konu/agora-online-100-cap-ch-only-drop-box-system-job-system-03-kasim-beta-10-kasim-online-konu-gunceleme-yapildi-goz-atmanizda-fayda-var.4397/","2026-10-01T08:55:46.1489144+00:00","False"
"Blizzard - Winter is Coming","","CAP 110","CH + EU","Rates unknown","Bot policy unknown","","https://joymaxtr.com/konular/blizzard-winter-is-coming-cap-110-ch-eu-open-market-go-27-09-new-future-play2win-auto-event.1274/","2026-09-30T22:09:48.8370572+00:00","False"
"Athos Online","","CAP 60","Race unknown","Rates unknown","Bot policy unknown","","https://joymaxtr.com/konular/athos-online-60-cap-progressive-oldschool-long-term-open-market-go-27-09-24.1549/","2026-09-30T22:09:48.8371198+00:00","False"
"NCSRO.COM REMASTERED","","CAP ?","Race unknown","Rates unknown","Bot policy unknown","","https://joymaxtr.com/konular/ncsro-com-remastered-progressive-cap-isro-r-ultimate-items.1144/","2026-09-30T22:09:48.8371536+00:00","False"
"ORNED","","CAP 110","CH + EU","Rates unknown","Bot policy unknown","","https://joymaxtr.com/konular/orned-110-cap-eu-ch-gift-silk-drop-system-full-activity-play2win-open-market-auto-events-job-system-long-term-g-openin-16-08-2024.1482/","2026-09-30T22:09:48.8371906+00:00","False"
"Kuw Online","","CAP 110","CH + EU","Rates unknown","Bot policy unknown","","https://joymaxtr.com/konular/kuw-online-110-cap-eu-ch-1-000-prize-pool-open-market-opening-06-09-2024.1499/","2026-09-30T22:09:48.8372207+00:00","False"
"Olsta Reborn","","CAP 140","CH + EU","Rates unknown","Bot policy unknown","","https://joymaxtr.com/konular/olsta-reborn-140-cap-ch-eu-open-market-drop-system-upgrade-system-go-21-06.1445/","2026-09-30T22:09:48.8372828+00:00","False"
"ZİNDAN ONLİNE","","CAP ?","Race unknown","Rates unknown","Bot policy unknown","","https://joymaxtr.com/konular/zindan-online.1430/","2026-09-30T22:09:48.8373013+00:00","False"
"Beramus - Bomonti","","CAP 120","CH + EU","Rates unknown","Bot policy unknown","","https://joymaxtr.com/konular/beramus-bomonti-120-cap-eu-ch-long-term-war-of-league-open-market-isro-r-legend-system-g-o-28-hazi-ran.1433/","2026-09-30T22:09:48.8373285+00:00","False"
"Merv-Kashgar","","CAP 80","CH + EU","Rates unknown","No bots","","https://joymaxtr.com/konular/merv-kashgar-80-cap-progressive-ch-eu-original-experience-non-bot-play2win.1413/","2026-09-30T22:09:48.8373614+00:00","False"
"Galactic Online","","CAP 90","CH + EU","Rates unknown","Bot policy unknown","","https://joymaxtr.com/konular/galactic-online-cap-90-europe-chn-open-market-old-school-grand-7-june-2000-real-cash-money-join-now.1403/","2026-09-30T22:09:49.9849043+00:00","False"
"Liguard Online 80 CAP │ Only CH │ Season 2 │ OPEN MARKET │ DROP SYSTEM - JOB SYSTEM - LONG TERM │ BE","","CAP 80","CH","Rates unknown","Bot policy unknown","","https://joymaxtr.com/konular/liguard-online-80-cap-only-ch-season-2-open-market-drop-system-job-system-long-term-beta-10-06-2024-g-o-14-06-2024.1370/","2026-09-30T22:09:49.9849567+00:00","False"
"Cripple Online","","CAP 110","CH + EU","Rates unknown","Bot policy unknown","","https://joymaxtr.com/konular/cripple-online-110-cap-eu-ch-labor-system-new-events-hard-drop-jop-system-long-term-full-activity.1406/","2026-09-30T22:09:49.9849983+00:00","False"
"REMASTER ONLINE // 60 CAP // ONLY CHN // PLAY TO WIN // COIN SYSTEM // 500$ FTW REWARD // BETA OPENI","","CAP 60","CH","Rates unknown","Bot policy unknown","","https://joymaxtr.com/konular/remaster-online-60-cap-only-chn-play-to-win-coin-system-500-ftw-reward-beta-opening-17-05-2024-grand-opening-24-05-24.1353/","2026-09-30T22:09:49.9850382+00:00","False"
"Alpha Online","","CAP 100","CH + EU","Rates unknown","Bot policy unknown","","https://joymaxtr.com/konular/alpha-online-cap-100-ch-eu-job-based-play2win-g-o-24-02-24.1234/","2026-09-30T22:09:49.9850696+00:00","False"
"Creddy PVP-Nirvana","","CAP ?","CH + EU","Rates unknown","Bot policy unknown","","https://joymaxtr.com/konular/creddy-pvp-nirvana-110-eu-ch-long-term-new-events-new-features-13-years-g-o-22-03-2024.1283/","2026-09-30T22:09:49.9851012+00:00","False"
"OldSchool","","CAP 100","CH + EU","Rates unknown","Bot policy unknown","","https://joymaxtr.com/konular/oldschool-cap-100-eu-ch-open-market-instant-cash-withdrawal-go-26-01-2024.1178/","2026-09-30T22:09:49.9851354+00:00","False"
"PEARL ONLINE","","CAP 90","CH","Rates unknown","Bot policy unknown","","https://joymaxtr.com/konular/pearl-online-90-cap-ch-quest-box-system-item-upgrade-system-job-activity-g-o-28-04-2023.780/","2026-09-30T22:09:49.9851968+00:00","False"
"Eldorado 60 Ch","","CAP ?","CH","Rates unknown","Bot policy unknown","","https://joymaxtr.com/konular/eldorado-60-ch-oldschool-game-play-go-21-07-2023.933/","2026-09-30T22:09:49.9852212+00:00","False"
"Paranormal l Cap110 l OldSchool l mid rate","","CAP 110","Race unknown","Rates unknown","Bot policy unknown","","https://joymaxtr.com/konular/paranormal-l-cap110-l-oldschool-l-mid-rate.926/","2026-09-30T22:09:49.9852412+00:00","False"
"Linie Online","","CAP 90","Race unknown","Rates unknown","Bot policy unknown","","https://joymaxtr.com/konular/linie-online-90-cap-play2win-long-term-new-system.891/","2026-09-30T22:09:49.9852603+00:00","False"
"Arcade Online l G.O 21.04 l 100 CAP l CH Only","","CAP 100","CH","Rates unknown","Bot policy unknown","","https://joymaxtr.com/konular/arcade-online-l-g-o-21-04-l-100-cap-l-ch-only-activity-based-continuous-innovation.796/","2026-09-30T22:09:49.9853405+00:00","False"
"Private Server Tanıtım Konuları – Özel Destek ve Ayrıcalıklar (01.01.2026'a kadar geçerli)","","CAP ?","Race unknown","Rates unknown","Bot policy unknown","","https://www.vsro.org/konular/private-server-tanitim-konulari-ozel-destek-ve-ayricaliklar-01-01-2026a-kadar-gecerli.14684/","2026-09-30T22:08:21.3765447+00:00","False"
"SeaSRO 110 Cap EU/CH Silkroad Online Sunucusu – Orijinal iSRO Sistem (Joymax)","","CAP 110","CH + EU","Rates unknown","Bot policy unknown","","https://www.vsro.org/konular/seasro-110-cap-eu-ch-silkroad-online-sunucusu-orijinal-isro-sistem-joymax.18286/","2026-09-30T22:08:21.3766624+00:00","False"
"RSilkroad : 2026 , Sezon 2","","CAP 110","Race unknown","Rates unknown","Bot policy unknown","","https://www.vsro.org/konular/rsilkroad-2026-sezon-2-110-cap-l-kesintisiz-rekabet-l-her-ay-100-bin-tl-odul-i-server-acilis-tarihi-kasim-2026.17159/","2026-09-30T22:08:21.3767841+00:00","False"
"AGASRO","","CAP 120","CH + EU","Rates unknown","Bot policy unknown","","https://www.vsro.org/konular/agasro-120-cap-eu-ch-pvp-server-ucretsiz-premium-godbless-devil-bol-etkinlik-acilis-16-10-2026.19281/","2026-09-30T22:08:21.3775916+00:00","False"
"⚔️ Jupiter Online: Return to the Golden Era of 2006 Silkroad","","CAP ?","Race unknown","Rates unknown","Bot policy unknown","","https://www.vsro.org/konular/capraz-kilic-jupiter-online-return-to-the-golden-era-of-2006-silkroad.18941/","2026-09-30T22:08:21.3782073+00:00","False"
"SeaSRO - 100 Cap","","CAP 100","CH","Rates unknown","Bot policy unknown","","https://www.vsro.org/konular/seasro-100-cap-only-ch-smart-anti-virtual-pc-system-new-season-adventure-07-11-2025.14550/","2026-09-30T22:08:21.3787646+00:00","False"
"Papel-GAMING","","CAP 110","CH + EU","Rates unknown","Bot policy unknown","","https://mt2.org/konu/papel-gaming-110-cap-eu-ch-yeni-nesil-sistemler-new-battle-pass-grand-opening-08-mayis-2026-acilista-100k-silk-etkinligi-50-000-real-pay.6467/ | https://mt2.org/konu/papel-gaming-110-cap-eu-ch-yeni-nesil-sistemler-new-battle-pass-grand-opening-08-mayis-2026-acilista-100k-silk-etkinligi-50-000-real-pay.6428/","2026-10-01T08:55:51.8507195+00:00","False"
"Grand of Silkroad","","CAP 80","CH","Rates unknown","Bot policy unknown","","https://mt2.org/konu/grand-of-silkroad-cap-80-only-ch-hard-rates-5000-real-player-go-26-09-2025.5961/","2026-10-01T08:55:55.5015461+00:00","False"
"SoulOnline","","CAP 120","CH + EU","Rates unknown","Bot policy unknown","","https://mt2.org/konu/soulonline-120-cap-eu-ch-silk-coin-upgrade-system-job-savaslari-bol-event-beta-open-21-11-21-00-grand-open-28-11-21-00.6012/","2026-10-01T08:55:57.8889850+00:00","False"
"Pluto Silkroad","","CAP 120","Race unknown","Rates unknown","Bot policy unknown","","https://mt2.org/konu/pluto-silkroad-120-cap-15-16-17-18-dg-new-files-new-system.5917/","2026-10-01T08:55:59.1120347+00:00","False"
"Viran Sro 2 Hybird 120 Cap","","CAP 120","CH","EXP 30x","Bot policy unknown","","https://mt2.org/konu/viran-sro-2-hybird-120-cap.5899/","2026-10-01T08:56:00.3212020+00:00","False"
"Dynasty Online 100 CAP ONLY CH","","CAP 100","CH","Rates unknown","Bot policy unknown","","https://mt2.org/konu/dynasty-online-100-cap-only-ch-no-pay-no-ingame-uzun-omurlu-yapi-20-10-2023-21-00-buyuk-acilis.4396/","2026-10-01T08:55:46.1490273+00:00","False"
"110 Cap NovaSro Online","","CAP 110","CH + EU","Rates unknown","Bot policy unknown","","https://mt2.org/konu/110-cap-novasro-online-110-cap-eu-ch-drop-system-open-market-beta-open-g-o-02-09-2023-gmt-3-21-00.4277/","2026-10-01T08:55:46.1491342+00:00","False"
"AGEX","","CAP 80","CH","Rates unknown","Bot policy unknown","","https://mt2.org/konu/agex-80-cap-only-ch-coin-system-job-system-auto-event-no-ingame-no-pay-grand-opening-23-06-2023-21-00.4068/","2026-10-01T08:55:47.0795075+00:00","False"
"WORLDROAD","","CAP 80","CH","Rates unknown","Bot policy unknown","","https://mt2.org/konu/worldroad-80-cap-only-ch-coin-system-auto-event-uzun-soluklu-eski-heyecanin-tek-adresi-grand-opening-27-05-2023.4053/","2026-10-01T08:55:47.0798781+00:00","False"
"Olympos","","CAP 80","CH","Rates unknown","Bot policy unknown","","https://mt2.org/konu/olympos-80-cap-only-ch-drop-coin-tl-system-job-system-pay-ingame-yok-grand-opening-02-06-2023-time-21-00.4051/","2026-10-01T08:55:47.0800354+00:00","False"
"Kharoon Online","","CAP 110","CH + EU","Rates unknown","Bot policy unknown","","https://mt2.org/konu/kharoon-online-110-cap-eu-ch-drop-system-coin-system-free-silk-her-hafta-real-1000-tl-ftw-beta-07-04-2023-grand-opening-14-04-2023-19-00.3822/","2026-10-01T08:55:47.0803413+00:00","False"
"Raizen Online 110 Cap Eu","","CAP 110","CH + EU","Rates unknown","Bot policy unknown","","https://mt2.org/konu/raizen-online-110-cap-eu-ch-drop-box-job-system-special-room-special-uniques.3853/","2026-10-01T08:55:47.0804764+00:00","False"
"RSro","","CAP 110","Race unknown","Rates unknown","Bot policy unknown","","https://mt2.org/konu/rsro-110-cap-free-silk-esit-rekabet-ve-eglence-acilis-17-mart-cuma.3629/","2026-10-01T08:55:47.0807823+00:00","False"
"Best Online - 120 Cap - 18 DG - Enjoy Private Server","","CAP 120","Race unknown","Rates unknown","Bot policy unknown","","https://mt2.org/konu/best-online-120-cap-18-dg-enjoy-private-server.5845/","2026-10-01T08:56:06.3632445+00:00","False"
